TableName,RowLabel,ColumnName,Value,RunID,Timestamp,ProjectID
Result - set4-1 | Early Stopping Boundaries,15,Action,Early Stopping for Low Efficacy,20260922T155011_0c2931,,
Result - set4-1 | Early Stopping Boundaries,15,Boundary,CR ≤ 0 and CR/PR ≤ 1,20260922T155011_0c2931,,
Result - set4-1 | Early Stopping Boundaries,15,Sample Size,15,20260922T155011_0c2931,,
Result - set4-1 | Early Stopping Boundaries,25,Action,Early Stopping for Low Efficacy,20260922T155011_0c2931,,
Result - set4-1 | Early Stopping Boundaries,25,Boundary,CR ≤ 1 and CR/PR ≤ 3,20260922T155011_0c2931,,
Result - set4-1 | Early Stopping Boundaries,25,Sample Size,25,20260922T155011_0c2931,,
Result - set4-1 | Early Stopping Boundaries,35,Action,Early Stopping for Low Efficacy,20260922T155011_0c2931,,
Result - set4-1 | Early Stopping Boundaries,35,Boundary,CR ≤ 1 and CR/PR ≤ 4,20260922T155011_0c2931,,
Result - set4-1 | Early Stopping Boundaries,35,Sample Size,35,20260922T155011_0c2931,,
Result - set4-1 | Early Stopping Boundaries,45,Action,Early Stopping for Low Efficacy,20260922T155011_0c2931,,
Result - set4-1 | Early Stopping Boundaries,45,Boundary,CR ≤ 2 and CR/PR ≤ 6,20260922T155011_0c2931,,
Result - set4-1 | Early Stopping Boundaries,45,Sample Size,45,20260922T155011_0c2931,,
Result - set4-1 | Early Stopping Boundaries,55,Action,Early Stopping for Low Efficacy,20260922T155011_0c2931,,
Result - set4-1 | Early Stopping Boundaries,55,Boundary,CR ≤ 3 and CR/PR ≤ 8,20260922T155011_0c2931,,
Result - set4-1 | Early Stopping Boundaries,55,Sample Size,55,20260922T155011_0c2931,,
Result - set4-1 | Early Stopping Boundaries,65,Action,Early Stopping for Low Efficacy,20260922T155011_0c2931,,
Result - set4-1 | Early Stopping Boundaries,65,Boundary,CR ≤ 3 and CR/PR ≤ 10,20260922T155011_0c2931,,
Result - set4-1 | Early Stopping Boundaries,65,Sample Size,65,20260922T155011_0c2931,,
Result - set4-1 | Early Stopping Boundaries,75,Action,Early Stopping for Low Efficacy,20260922T155011_0c2931,,
Result - set4-1 | Early Stopping Boundaries,75,Boundary,CR ≤ 4 and CR/PR ≤ 12,20260922T155011_0c2931,,
Result - set4-1 | Early Stopping Boundaries,75,Sample Size,75,20260922T155011_0c2931,,
Result - set4-1 | Early Stopping Boundaries,85,Action,Early Stopping for Low Efficacy,20260922T155011_0c2931,,
Result - set4-1 | Early Stopping Boundaries,85,Boundary,CR ≤ 5 and CR/PR ≤ 14,20260922T155011_0c2931,,
Result - set4-1 | Early Stopping Boundaries,85,Sample Size,85,20260922T155011_0c2931,,
Result - set4-1 | Early Stopping Boundaries,95,Action,Early Stopping for Low Efficacy,20260922T155011_0c2931,,
Result - set4-1 | Early Stopping Boundaries,95,Boundary,CR ≤ 6 and CR/PR ≤ 15,20260922T155011_0c2931,,
Result - set4-1 | Early Stopping Boundaries,95,Sample Size,95,20260922T155011_0c2931,,
Result - set4-1 | Frequency of Early Stopping,15,Cumulative Early Stop,0.223,20260922T155011_0c2931,,
Result - set4-1 | Frequency of Early Stopping,15,Early Stop,0.223,20260922T155011_0c2931,,
Result - set4-1 | Frequency of Early Stopping,15,Sample Size,15,20260922T155011_0c2931,,
Result - set4-1 | Frequency of Early Stopping,25,Cumulative Early Stop,0.402,20260922T155011_0c2931,,
Result - set4-1 | Frequency of Early Stopping,25,Early Stop,0.179,20260922T155011_0c2931,,
Result - set4-1 | Frequency of Early Stopping,25,Sample Size,25,20260922T155011_0c2931,,
Result - set4-1 | Frequency of Early Stopping,35,Cumulative Early Stop,0.424,20260922T155011_0c2931,,
Result - set4-1 | Frequency of Early Stopping,35,Early Stop,0.022,20260922T155011_0c2931,,
Result - set4-1 | Frequency of Early Stopping,35,Sample Size,35,20260922T155011_0c2931,,
Result - set4-1 | Frequency of Early Stopping,45,Cumulative Early Stop,0.49,20260922T155011_0c2931,,
Result - set4-1 | Frequency of Early Stopping,45,Early Stop,0.066,20260922T155011_0c2931,,
Result - set4-1 | Frequency of Early Stopping,45,Sample Size,45,20260922T155011_0c2931,,
Result - set4-1 | Frequency of Early Stopping,55,Cumulative Early Stop,0.556,20260922T155011_0c2931,,
Result - set4-1 | Frequency of Early Stopping,55,Early Stop,0.066,20260922T155011_0c2931,,
Result - set4-1 | Frequency of Early Stopping,55,Sample Size,55,20260922T155011_0c2931,,
Result - set4-1 | Frequency of Early Stopping,65,Cumulative Early Stop,0.587,20260922T155011_0c2931,,
Result - set4-1 | Frequency of Early Stopping,65,Early Stop,0.031,20260922T155011_0c2931,,
Result - set4-1 | Frequency of Early Stopping,65,Sample Size,65,20260922T155011_0c2931,,
Result - set4-1 | Frequency of Early Stopping,75,Cumulative Early Stop,0.633,20260922T155011_0c2931,,
Result - set4-1 | Frequency of Early Stopping,75,Early Stop,0.046,20260922T155011_0c2931,,
Result - set4-1 | Frequency of Early Stopping,75,Sample Size,75,20260922T155011_0c2931,,
Result - set4-1 | Frequency of Early Stopping,85,Cumulative Early Stop,0.681,20260922T155011_0c2931,,
Result - set4-1 | Frequency of Early Stopping,85,Early Stop,0.048,20260922T155011_0c2931,,
Result - set4-1 | Frequency of Early Stopping,85,Sample Size,85,20260922T155011_0c2931,,
Result - set4-1 | Operating Characteristics,0.297,Average Sample Size,55.12,20260922T155011_0c2931,,
Result - set4-1 | Operating Characteristics,0.297,Early Stop,0.68,20260922T155011_0c2931,,
Result - set4-1 | Operating Characteristics,0.297,Positive Trial,0.297,20260922T155011_0c2931,,
Result - set4-1 | Plan #1,Phase,Parameter,Phase,20260922T155011_0c2931,,
Result - set4-1 | Plan #1,Phase,Value,2,20260922T155011_0c2931,,
Result - set4-1 | Plan #1,Study Objective,Parameter,Study Objective,20260922T155011_0c2931,,
Result - set4-1 | Plan #1,Study Objective,Value,One Arm Exploratory / Confirmatory,20260922T155011_0c2931,,
Result - set4-1 | Plan #1,Target Population,Parameter,Target Population,20260922T155011_0c2931,,
Result - set4-1 | Plan #1,Target Population,Value,Adult,20260922T155011_0c2931,,
Result - set4-1 | Plan #1,Treatment Arm,Parameter,Treatment Arm,20260922T155011_0c2931,,
Result - set4-1 | Plan #1,Treatment Arm,Value,EXP,20260922T155011_0c2931,,
Result - set4-1 | Plan #2,Endpoint Name,Parameter,Endpoint Name,20260922T155011_0c2931,,
Result - set4-1 | Plan #2,Endpoint Name,Value,EP1,20260922T155011_0c2931,,
Result - set4-1 | Plan #2,Endpoint Type,Parameter,Endpoint Type,20260922T155011_0c2931,,
Result - set4-1 | Plan #2,Endpoint Type,Value,Categorical,20260922T155011_0c2931,,
Result - set4-1 | Plan #2,Priority,Parameter,Priority,20260922T155011_0c2931,,
Result - set4-1 | Plan #2,Priority,Value,Primary,20260922T155011_0c2931,,
Result - set4-1 | Simulation Summary #1,Number of Analysis,Test,Number of Analysis,20260922T155011_0c2931,,
Result - set4-1 | Simulation Summary #1,Number of Analysis,value,9,20260922T155011_0c2931,,
Result - set4-1 | Simulation Summary #1,Probability(CR),Test,Probability(CR),20260922T155011_0c2931,,
Result - set4-1 | Simulation Summary #1,Probability(CR),Test,Probability(CR),20260922T155011_0c2931,,
Result - set4-1 | Simulation Summary #1,Probability(CR),value,0.0564,20260922T155011_0c2931,,
Result - set4-1 | Simulation Summary #1,Probability(CR),value,0.1896,20260922T155011_0c2931,,
Result - set4-1 | Simulation Summary #1,Probability(PR),Test,Probability(PR),20260922T155011_0c2931,,
Result - set4-1 | Simulation Summary #1,Probability(PR),Test,Probability(PR),20260922T155011_0c2931,,
Result - set4-1 | Simulation Summary #1,Probability(PR),value,0.0985,20260922T155011_0c2931,,
Result - set4-1 | Simulation Summary #1,Probability(PR),value,0.2989,20260922T155011_0c2931,,
Result - set4-1 | Simulation Summary #1,Response Rate (H0),Test,Response Rate (H0),20260922T155011_0c2931,,
Result - set4-1 | Simulation Summary #1,Response Rate (H0),value,,20260922T155011_0c2931,,
Result - set4-1 | Simulation Summary #1,Response Rate (H1),Test,Response Rate (H1),20260922T155011_0c2931,,
Result - set4-1 | Simulation Summary #1,Response Rate (H1),value,,20260922T155011_0c2931,,
Result - set4-1 | Simulation Summary #1,Test Name,Test,Test Name,20260922T155011_0c2931,,
Result - set4-1 | Simulation Summary #1,Test Name,value,BOP2 : Ordinal (Single Arm Bayesian Optimal Design),20260922T155011_0c2931,,
Result - set4-1 | Simulation Summary #1,Type 1 Error (α),Test,Type 1 Error (α),20260922T155011_0c2931,,
Result - set4-1 | Simulation Summary #1,Type 1 Error (α),value,0.29,20260922T155011_0c2931,,
Result - set4-1 | Simulation Summary #2,Probability(CR),Response Generation,Probability(CR),20260922T155011_0c2931,,
Result - set4-1 | Simulation Summary #2,Probability(CR),value,0.0564,20260922T155011_0c2931,,
Result - set4-1 | Simulation Summary #2,Probability(PR),Response Generation,Probability(PR),20260922T155011_0c2931,,
Result - set4-1 | Simulation Summary #2,Probability(PR),value,0.0985,20260922T155011_0c2931,,
Result - set4-1 | Simulation Summary #2,Response Rate,Response Generation,Response Rate,20260922T155011_0c2931,,
Result - set4-1 | Simulation Summary #2,Response Rate,value,,20260922T155011_0c2931,,
Result - set4-1 | Simulation Summary #3,Number of Simulations Run,Simulation Parameters,Number of Simulations Run,20260922T155011_0c2931,,
Result - set4-1 | Simulation Summary #3,Number of Simulations Run,value,1002,20260922T155011_0c2931,,
Result - set4-1 | Simulation Summary #3,Random Number Seed,Simulation Parameters,Random Number Seed,20260922T155011_0c2931,,
Result - set4-1 | Simulation Summary #3,Random Number Seed,value,Fixed,20260922T155011_0c2931,,
Result - set4-1 | Simulation Summary #3,Starting Seed,Simulation Parameters,Starting Seed,20260922T155011_0c2931,,
Result - set4-1 | Simulation Summary #3,Starting Seed,value,134,20260922T155011_0c2931,,
Result - set4-1 | Simulation Summary #3,Total Number of Simulations,Simulation Parameters,Total Number of Simulations,20260922T155011_0c2931,,
Result - set4-1 | Simulation Summary #3,Total Number of Simulations,value,1002,20260922T155011_0c2931,,
Result - set4-10 | Early Stopping Boundaries,15,Action,Early Stopping for Low Efficacy,20260922T155011_0c2931,,
Result - set4-10 | Early Stopping Boundaries,15,Boundary,CR ≤ 0 and CR/PR ≤ 1,20260922T155011_0c2931,,
Result - set4-10 | Early Stopping Boundaries,15,Sample Size,15,20260922T155011_0c2931,,
Result - set4-10 | Early Stopping Boundaries,25,Action,Early Stopping for Low Efficacy,20260922T155011_0c2931,,
Result - set4-10 | Early Stopping Boundaries,25,Boundary,CR ≤ 1 and CR/PR ≤ 3,20260922T155011_0c2931,,
Result - set4-10 | Early Stopping Boundaries,25,Sample Size,25,20260922T155011_0c2931,,
Result - set4-10 | Early Stopping Boundaries,35,Action,Early Stopping for Low Efficacy,20260922T155011_0c2931,,
Result - set4-10 | Early Stopping Boundaries,35,Boundary,CR ≤ 1 and CR/PR ≤ 4,20260922T155011_0c2931,,
Result - set4-10 | Early Stopping Boundaries,35,Sample Size,35,20260922T155011_0c2931,,
Result - set4-10 | Early Stopping Boundaries,45,Action,Early Stopping for Low Efficacy,20260922T155011_0c2931,,
Result - set4-10 | Early Stopping Boundaries,45,Boundary,CR ≤ 2 and CR/PR ≤ 6,20260922T155011_0c2931,,
Result - set4-10 | Early Stopping Boundaries,45,Sample Size,45,20260922T155011_0c2931,,
Result - set4-10 | Early Stopping Boundaries,55,Action,Early Stopping for Low Efficacy,20260922T155011_0c2931,,
Result - set4-10 | Early Stopping Boundaries,55,Boundary,CR ≤ 3 and CR/PR ≤ 8,20260922T155011_0c2931,,
Result - set4-10 | Early Stopping Boundaries,55,Sample Size,55,20260922T155011_0c2931,,
Result - set4-10 | Early Stopping Boundaries,65,Action,Early Stopping for Low Efficacy,20260922T155011_0c2931,,
Result - set4-10 | Early Stopping Boundaries,65,Boundary,CR ≤ 3 and CR/PR ≤ 10,20260922T155011_0c2931,,
Result - set4-10 | Early Stopping Boundaries,65,Sample Size,65,20260922T155011_0c2931,,
Result - set4-10 | Early Stopping Boundaries,75,Action,Early Stopping for Low Efficacy,20260922T155011_0c2931,,
Result - set4-10 | Early Stopping Boundaries,75,Boundary,CR ≤ 4 and CR/PR ≤ 12,20260922T155011_0c2931,,
Result - set4-10 | Early Stopping Boundaries,75,Sample Size,75,20260922T155011_0c2931,,
Result - set4-10 | Early Stopping Boundaries,85,Action,Early Stopping for Low Efficacy,20260922T155011_0c2931,,
Result - set4-10 | Early Stopping Boundaries,85,Boundary,CR ≤ 5 and CR/PR ≤ 14,20260922T155011_0c2931,,
Result - set4-10 | Early Stopping Boundaries,85,Sample Size,85,20260922T155011_0c2931,,
Result - set4-10 | Early Stopping Boundaries,95,Action,Early Stopping for Low Efficacy,20260922T155011_0c2931,,
Result - set4-10 | Early Stopping Boundaries,95,Boundary,CR ≤ 6 and CR/PR ≤ 15,20260922T155011_0c2931,,
Result - set4-10 | Early Stopping Boundaries,95,Sample Size,95,20260922T155011_0c2931,,
Result - set4-10 | Frequency of Early Stopping,15,Cumulative Early Stop,0,20260922T155011_0c2931,,
Result - set4-10 | Frequency of Early Stopping,15,Early Stop,0,20260922T155011_0c2931,,
Result - set4-10 | Frequency of Early Stopping,15,Sample Size,15,20260922T155011_0c2931,,
Result - set4-10 | Frequency of Early Stopping,25,Cumulative Early Stop,0,20260922T155011_0c2931,,
Result - set4-10 | Frequency of Early Stopping,25,Early Stop,0,20260922T155011_0c2931,,
Result - set4-10 | Frequency of Early Stopping,25,Sample Size,25,20260922T155011_0c2931,,
Result - set4-10 | Frequency of Early Stopping,35,Cumulative Early Stop,0,20260922T155011_0c2931,,
Result - set4-10 | Frequency of Early Stopping,35,Early Stop,0,20260922T155011_0c2931,,
Result - set4-10 | Frequency of Early Stopping,35,Sample Size,35,20260922T155011_0c2931,,
Result - set4-10 | Frequency of Early Stopping,45,Cumulative Early Stop,0,20260922T155011_0c2931,,
Result - set4-10 | Frequency of Early Stopping,45,Early Stop,0,20260922T155011_0c2931,,
Result - set4-10 | Frequency of Early Stopping,45,Sample Size,45,20260922T155011_0c2931,,
Result - set4-10 | Frequency of Early Stopping,55,Cumulative Early Stop,0,20260922T155011_0c2931,,
Result - set4-10 | Frequency of Early Stopping,55,Early Stop,0,20260922T155011_0c2931,,
Result - set4-10 | Frequency of Early Stopping,55,Sample Size,55,20260922T155011_0c2931,,
Result - set4-10 | Frequency of Early Stopping,65,Cumulative Early Stop,0,20260922T155011_0c2931,,
Result - set4-10 | Frequency of Early Stopping,65,Early Stop,0,20260922T155011_0c2931,,
Result - set4-10 | Frequency of Early Stopping,65,Sample Size,65,20260922T155011_0c2931,,
Result - set4-10 | Frequency of Early Stopping,75,Cumulative Early Stop,0,20260922T155011_0c2931,,
Result - set4-10 | Frequency of Early Stopping,75,Early Stop,0,20260922T155011_0c2931,,
Result - set4-10 | Frequency of Early Stopping,75,Sample Size,75,20260922T155011_0c2931,,
Result - set4-10 | Frequency of Early Stopping,85,Cumulative Early Stop,0,20260922T155011_0c2931,,
Result - set4-10 | Frequency of Early Stopping,85,Early Stop,0,20260922T155011_0c2931,,
Result - set4-10 | Frequency of Early Stopping,85,Sample Size,85,20260922T155011_0c2931,,
Result - set4-10 | Operating Characteristics,1,Average Sample Size,95,20260922T155011_0c2931,,
Result - set4-10 | Operating Characteristics,1,Early Stop,0,20260922T155011_0c2931,,
Result - set4-10 | Operating Characteristics,1,Positive Trial,1,20260922T155011_0c2931,,
Result - set4-10 | Plan #1,Phase,Parameter,Phase,20260922T155011_0c2931,,
Result - set4-10 | Plan #1,Phase,Value,2,20260922T155011_0c2931,,
Result - set4-10 | Plan #1,Study Objective,Parameter,Study Objective,20260922T155011_0c2931,,
Result - set4-10 | Plan #1,Study Objective,Value,One Arm Exploratory / Confirmatory,20260922T155011_0c2931,,
Result - set4-10 | Plan #1,Target Population,Parameter,Target Population,20260922T155011_0c2931,,
Result - set4-10 | Plan #1,Target Population,Value,Adult,20260922T155011_0c2931,,
Result - set4-10 | Plan #1,Treatment Arm,Parameter,Treatment Arm,20260922T155011_0c2931,,
Result - set4-10 | Plan #1,Treatment Arm,Value,EXP,20260922T155011_0c2931,,
Result - set4-10 | Plan #2,Endpoint Name,Parameter,Endpoint Name,20260922T155011_0c2931,,
Result - set4-10 | Plan #2,Endpoint Name,Value,EP1,20260922T155011_0c2931,,
Result - set4-10 | Plan #2,Endpoint Type,Parameter,Endpoint Type,20260922T155011_0c2931,,
Result - set4-10 | Plan #2,Endpoint Type,Value,Categorical,20260922T155011_0c2931,,
Result - set4-10 | Plan #2,Priority,Parameter,Priority,20260922T155011_0c2931,,
Result - set4-10 | Plan #2,Priority,Value,Primary,20260922T155011_0c2931,,
Result - set4-10 | Simulation Summary #1,Number of Analysis,Test,Number of Analysis,20260922T155011_0c2931,,
Result - set4-10 | Simulation Summary #1,Number of Analysis,value,9,20260922T155011_0c2931,,
Result - set4-10 | Simulation Summary #1,Probability(CR),Test,Probability(CR),20260922T155011_0c2931,,
Result - set4-10 | Simulation Summary #1,Probability(CR),Test,Probability(CR),20260922T155011_0c2931,,
Result - set4-10 | Simulation Summary #1,Probability(CR),value,0.0564,20260922T155011_0c2931,,
Result - set4-10 | Simulation Summary #1,Probability(CR),value,0.1896,20260922T155011_0c2931,,
Result - set4-10 | Simulation Summary #1,Probability(PR),Test,Probability(PR),20260922T155011_0c2931,,
Result - set4-10 | Simulation Summary #1,Probability(PR),Test,Probability(PR),20260922T155011_0c2931,,
Result - set4-10 | Simulation Summary #1,Probability(PR),value,0.0985,20260922T155011_0c2931,,
Result - set4-10 | Simulation Summary #1,Probability(PR),value,0.2989,20260922T155011_0c2931,,
Result - set4-10 | Simulation Summary #1,Response Rate (H0),Test,Response Rate (H0),20260922T155011_0c2931,,
Result - set4-10 | Simulation Summary #1,Response Rate (H0),value,,20260922T155011_0c2931,,
Result - set4-10 | Simulation Summary #1,Response Rate (H1),Test,Response Rate (H1),20260922T155011_0c2931,,
Result - set4-10 | Simulation Summary #1,Response Rate (H1),value,,20260922T155011_0c2931,,
Result - set4-10 | Simulation Summary #1,Test Name,Test,Test Name,20260922T155011_0c2931,,
Result - set4-10 | Simulation Summary #1,Test Name,value,BOP2 : Ordinal (Single Arm Bayesian Optimal Design),20260922T155011_0c2931,,
Result - set4-10 | Simulation Summary #1,Type 1 Error (α),Test,Type 1 Error (α),20260922T155011_0c2931,,
Result - set4-10 | Simulation Summary #1,Type 1 Error (α),value,0.29,20260922T155011_0c2931,,
Result - set4-10 | Simulation Summary #2,Probability(CR),Response Generation,Probability(CR),20260922T155011_0c2931,,
Result - set4-10 | Simulation Summary #2,Probability(CR),value,0.311,20260922T155011_0c2931,,
Result - set4-10 | Simulation Summary #2,Probability(PR),Response Generation,Probability(PR),20260922T155011_0c2931,,
Result - set4-10 | Simulation Summary #2,Probability(PR),value,0.321,20260922T155011_0c2931,,
Result - set4-10 | Simulation Summary #2,Response Rate,Response Generation,Response Rate,20260922T155011_0c2931,,
Result - set4-10 | Simulation Summary #2,Response Rate,value,,20260922T155011_0c2931,,
Result - set4-10 | Simulation Summary #3,Number of Simulations Run,Simulation Parameters,Number of Simulations Run,20260922T155011_0c2931,,
Result - set4-10 | Simulation Summary #3,Number of Simulations Run,value,1002,20260922T155011_0c2931,,
Result - set4-10 | Simulation Summary #3,Random Number Seed,Simulation Parameters,Random Number Seed,20260922T155011_0c2931,,
Result - set4-10 | Simulation Summary #3,Random Number Seed,value,Fixed,20260922T155011_0c2931,,
Result - set4-10 | Simulation Summary #3,Starting Seed,Simulation Parameters,Starting Seed,20260922T155011_0c2931,,
Result - set4-10 | Simulation Summary #3,Starting Seed,value,134,20260922T155011_0c2931,,
Result - set4-10 | Simulation Summary #3,Total Number of Simulations,Simulation Parameters,Total Number of Simulations,20260922T155011_0c2931,,
Result - set4-10 | Simulation Summary #3,Total Number of Simulations,value,1002,20260922T155011_0c2931,,
Result - set4-11 | Early Stopping Boundaries,15,Action,Early Stopping for Low Efficacy,20260922T155011_0c2931,,
Result - set4-11 | Early Stopping Boundaries,15,Boundary,CR ≤ 0 and CR/PR ≤ 1,20260922T155011_0c2931,,
Result - set4-11 | Early Stopping Boundaries,15,Sample Size,15,20260922T155011_0c2931,,
Result - set4-11 | Early Stopping Boundaries,25,Action,Early Stopping for Low Efficacy,20260922T155011_0c2931,,
Result - set4-11 | Early Stopping Boundaries,25,Boundary,CR ≤ 1 and CR/PR ≤ 3,20260922T155011_0c2931,,
Result - set4-11 | Early Stopping Boundaries,25,Sample Size,25,20260922T155011_0c2931,,
Result - set4-11 | Early Stopping Boundaries,35,Action,Early Stopping for Low Efficacy,20260922T155011_0c2931,,
Result - set4-11 | Early Stopping Boundaries,35,Boundary,CR ≤ 1 and CR/PR ≤ 4,20260922T155011_0c2931,,
Result - set4-11 | Early Stopping Boundaries,35,Sample Size,35,20260922T155011_0c2931,,
Result - set4-11 | Early Stopping Boundaries,45,Action,Early Stopping for Low Efficacy,20260922T155011_0c2931,,
Result - set4-11 | Early Stopping Boundaries,45,Boundary,CR ≤ 2 and CR/PR ≤ 6,20260922T155011_0c2931,,
Result - set4-11 | Early Stopping Boundaries,45,Sample Size,45,20260922T155011_0c2931,,
Result - set4-11 | Early Stopping Boundaries,55,Action,Early Stopping for Low Efficacy,20260922T155011_0c2931,,
Result - set4-11 | Early Stopping Boundaries,55,Boundary,CR ≤ 3 and CR/PR ≤ 8,20260922T155011_0c2931,,
Result - set4-11 | Early Stopping Boundaries,55,Sample Size,55,20260922T155011_0c2931,,
Result - set4-11 | Early Stopping Boundaries,65,Action,Early Stopping for Low Efficacy,20260922T155011_0c2931,,
Result - set4-11 | Early Stopping Boundaries,65,Boundary,CR ≤ 3 and CR/PR ≤ 10,20260922T155011_0c2931,,
Result - set4-11 | Early Stopping Boundaries,65,Sample Size,65,20260922T155011_0c2931,,
Result - set4-11 | Early Stopping Boundaries,75,Action,Early Stopping for Low Efficacy,20260922T155011_0c2931,,
Result - set4-11 | Early Stopping Boundaries,75,Boundary,CR ≤ 4 and CR/PR ≤ 12,20260922T155011_0c2931,,
Result - set4-11 | Early Stopping Boundaries,75,Sample Size,75,20260922T155011_0c2931,,
Result - set4-11 | Early Stopping Boundaries,85,Action,Early Stopping for Low Efficacy,20260922T155011_0c2931,,
Result - set4-11 | Early Stopping Boundaries,85,Boundary,CR ≤ 5 and CR/PR ≤ 14,20260922T155011_0c2931,,
Result - set4-11 | Early Stopping Boundaries,85,Sample Size,85,20260922T155011_0c2931,,
Result - set4-11 | Early Stopping Boundaries,95,Action,Early Stopping for Low Efficacy,20260922T155011_0c2931,,
Result - set4-11 | Early Stopping Boundaries,95,Boundary,CR ≤ 6 and CR/PR ≤ 15,20260922T155011_0c2931,,
Result - set4-11 | Early Stopping Boundaries,95,Sample Size,95,20260922T155011_0c2931,,
Result - set4-11 | Frequency of Early Stopping,15,Cumulative Early Stop,0,20260922T155011_0c2931,,
Result - set4-11 | Frequency of Early Stopping,15,Early Stop,0,20260922T155011_0c2931,,
Result - set4-11 | Frequency of Early Stopping,15,Sample Size,15,20260922T155011_0c2931,,
Result - set4-11 | Frequency of Early Stopping,25,Cumulative Early Stop,0,20260922T155011_0c2931,,
Result - set4-11 | Frequency of Early Stopping,25,Early Stop,0,20260922T155011_0c2931,,
Result - set4-11 | Frequency of Early Stopping,25,Sample Size,25,20260922T155011_0c2931,,
Result - set4-11 | Frequency of Early Stopping,35,Cumulative Early Stop,0,20260922T155011_0c2931,,
Result - set4-11 | Frequency of Early Stopping,35,Early Stop,0,20260922T155011_0c2931,,
Result - set4-11 | Frequency of Early Stopping,35,Sample Size,35,20260922T155011_0c2931,,
Result - set4-11 | Frequency of Early Stopping,45,Cumulative Early Stop,0,20260922T155011_0c2931,,
Result - set4-11 | Frequency of Early Stopping,45,Early Stop,0,20260922T155011_0c2931,,
Result - set4-11 | Frequency of Early Stopping,45,Sample Size,45,20260922T155011_0c2931,,
Result - set4-11 | Frequency of Early Stopping,55,Cumulative Early Stop,0,20260922T155011_0c2931,,
Result - set4-11 | Frequency of Early Stopping,55,Early Stop,0,20260922T155011_0c2931,,
Result - set4-11 | Frequency of Early Stopping,55,Sample Size,55,20260922T155011_0c2931,,
Result - set4-11 | Frequency of Early Stopping,65,Cumulative Early Stop,0,20260922T155011_0c2931,,
Result - set4-11 | Frequency of Early Stopping,65,Early Stop,0,20260922T155011_0c2931,,
Result - set4-11 | Frequency of Early Stopping,65,Sample Size,65,20260922T155011_0c2931,,
Result - set4-11 | Frequency of Early Stopping,75,Cumulative Early Stop,0,20260922T155011_0c2931,,
Result - set4-11 | Frequency of Early Stopping,75,Early Stop,0,20260922T155011_0c2931,,
Result - set4-11 | Frequency of Early Stopping,75,Sample Size,75,20260922T155011_0c2931,,
Result - set4-11 | Frequency of Early Stopping,85,Cumulative Early Stop,0,20260922T155011_0c2931,,
Result - set4-11 | Frequency of Early Stopping,85,Early Stop,0,20260922T155011_0c2931,,
Result - set4-11 | Frequency of Early Stopping,85,Sample Size,85,20260922T155011_0c2931,,
Result - set4-11 | Operating Characteristics,1,Average Sample Size,95,20260922T155011_0c2931,,
Result - set4-11 | Operating Characteristics,1,Early Stop,0,20260922T155011_0c2931,,
Result - set4-11 | Operating Characteristics,1,Positive Trial,1,20260922T155011_0c2931,,
Result - set4-11 | Plan #1,Phase,Parameter,Phase,20260922T155011_0c2931,,
Result - set4-11 | Plan #1,Phase,Value,2,20260922T155011_0c2931,,
Result - set4-11 | Plan #1,Study Objective,Parameter,Study Objective,20260922T155011_0c2931,,
Result - set4-11 | Plan #1,Study Objective,Value,One Arm Exploratory / Confirmatory,20260922T155011_0c2931,,
Result - set4-11 | Plan #1,Target Population,Parameter,Target Population,20260922T155011_0c2931,,
Result - set4-11 | Plan #1,Target Population,Value,Adult,20260922T155011_0c2931,,
Result - set4-11 | Plan #1,Treatment Arm,Parameter,Treatment Arm,20260922T155011_0c2931,,
Result - set4-11 | Plan #1,Treatment Arm,Value,EXP,20260922T155011_0c2931,,
Result - set4-11 | Plan #2,Endpoint Name,Parameter,Endpoint Name,20260922T155011_0c2931,,
Result - set4-11 | Plan #2,Endpoint Name,Value,EP1,20260922T155011_0c2931,,
Result - set4-11 | Plan #2,Endpoint Type,Parameter,Endpoint Type,20260922T155011_0c2931,,
Result - set4-11 | Plan #2,Endpoint Type,Value,Categorical,20260922T155011_0c2931,,
Result - set4-11 | Plan #2,Priority,Parameter,Priority,20260922T155011_0c2931,,
Result - set4-11 | Plan #2,Priority,Value,Primary,20260922T155011_0c2931,,
Result - set4-11 | Simulation Summary #1,Number of Analysis,Test,Number of Analysis,20260922T155011_0c2931,,
Result - set4-11 | Simulation Summary #1,Number of Analysis,value,9,20260922T155011_0c2931,,
Result - set4-11 | Simulation Summary #1,Probability(CR),Test,Probability(CR),20260922T155011_0c2931,,
Result - set4-11 | Simulation Summary #1,Probability(CR),Test,Probability(CR),20260922T155011_0c2931,,
Result - set4-11 | Simulation Summary #1,Probability(CR),value,0.0564,20260922T155011_0c2931,,
Result - set4-11 | Simulation Summary #1,Probability(CR),value,0.1896,20260922T155011_0c2931,,
Result - set4-11 | Simulation Summary #1,Probability(PR),Test,Probability(PR),20260922T155011_0c2931,,
Result - set4-11 | Simulation Summary #1,Probability(PR),Test,Probability(PR),20260922T155011_0c2931,,
Result - set4-11 | Simulation Summary #1,Probability(PR),value,0.0985,20260922T155011_0c2931,,
Result - set4-11 | Simulation Summary #1,Probability(PR),value,0.2989,20260922T155011_0c2931,,
Result - set4-11 | Simulation Summary #1,Response Rate (H0),Test,Response Rate (H0),20260922T155011_0c2931,,
Result - set4-11 | Simulation Summary #1,Response Rate (H0),value,,20260922T155011_0c2931,,
Result - set4-11 | Simulation Summary #1,Response Rate (H1),Test,Response Rate (H1),20260922T155011_0c2931,,
Result - set4-11 | Simulation Summary #1,Response Rate (H1),value,,20260922T155011_0c2931,,
Result - set4-11 | Simulation Summary #1,Test Name,Test,Test Name,20260922T155011_0c2931,,
Result - set4-11 | Simulation Summary #1,Test Name,value,BOP2 : Ordinal (Single Arm Bayesian Optimal Design),20260922T155011_0c2931,,
Result - set4-11 | Simulation Summary #1,Type 1 Error (α),Test,Type 1 Error (α),20260922T155011_0c2931,,
Result - set4-11 | Simulation Summary #1,Type 1 Error (α),value,0.29,20260922T155011_0c2931,,
Result - set4-11 | Simulation Summary #2,Probability(CR),Response Generation,Probability(CR),20260922T155011_0c2931,,
Result - set4-11 | Simulation Summary #2,Probability(CR),value,0.332,20260922T155011_0c2931,,
Result - set4-11 | Simulation Summary #2,Probability(PR),Response Generation,Probability(PR),20260922T155011_0c2931,,
Result - set4-11 | Simulation Summary #2,Probability(PR),value,0.312,20260922T155011_0c2931,,
Result - set4-11 | Simulation Summary #2,Response Rate,Response Generation,Response Rate,20260922T155011_0c2931,,
Result - set4-11 | Simulation Summary #2,Response Rate,value,,20260922T155011_0c2931,,
Result - set4-11 | Simulation Summary #3,Number of Simulations Run,Simulation Parameters,Number of Simulations Run,20260922T155011_0c2931,,
Result - set4-11 | Simulation Summary #3,Number of Simulations Run,value,1002,20260922T155011_0c2931,,
Result - set4-11 | Simulation Summary #3,Random Number Seed,Simulation Parameters,Random Number Seed,20260922T155011_0c2931,,
Result - set4-11 | Simulation Summary #3,Random Number Seed,value,Fixed,20260922T155011_0c2931,,
Result - set4-11 | Simulation Summary #3,Starting Seed,Simulation Parameters,Starting Seed,20260922T155011_0c2931,,
Result - set4-11 | Simulation Summary #3,Starting Seed,value,134,20260922T155011_0c2931,,
Result - set4-11 | Simulation Summary #3,Total Number of Simulations,Simulation Parameters,Total Number of Simulations,20260922T155011_0c2931,,
Result - set4-11 | Simulation Summary #3,Total Number of Simulations,value,1002,20260922T155011_0c2931,,
Result - set4-12 | Early Stopping Boundaries,15,Action,Early Stopping for Low Efficacy,20260922T155011_0c2931,,
Result - set4-12 | Early Stopping Boundaries,15,Boundary,CR ≤ 0 and CR/PR ≤ 1,20260922T155011_0c2931,,
Result - set4-12 | Early Stopping Boundaries,15,Sample Size,15,20260922T155011_0c2931,,
Result - set4-12 | Early Stopping Boundaries,25,Action,Early Stopping for Low Efficacy,20260922T155011_0c2931,,
Result - set4-12 | Early Stopping Boundaries,25,Boundary,CR ≤ 1 and CR/PR ≤ 3,20260922T155011_0c2931,,
Result - set4-12 | Early Stopping Boundaries,25,Sample Size,25,20260922T155011_0c2931,,
Result - set4-12 | Early Stopping Boundaries,35,Action,Early Stopping for Low Efficacy,20260922T155011_0c2931,,
Result - set4-12 | Early Stopping Boundaries,35,Boundary,CR ≤ 1 and CR/PR ≤ 4,20260922T155011_0c2931,,
Result - set4-12 | Early Stopping Boundaries,35,Sample Size,35,20260922T155011_0c2931,,
Result - set4-12 | Early Stopping Boundaries,45,Action,Early Stopping for Low Efficacy,20260922T155011_0c2931,,
Result - set4-12 | Early Stopping Boundaries,45,Boundary,CR ≤ 2 and CR/PR ≤ 6,20260922T155011_0c2931,,
Result - set4-12 | Early Stopping Boundaries,45,Sample Size,45,20260922T155011_0c2931,,
Result - set4-12 | Early Stopping Boundaries,55,Action,Early Stopping for Low Efficacy,20260922T155011_0c2931,,
Result - set4-12 | Early Stopping Boundaries,55,Boundary,CR ≤ 3 and CR/PR ≤ 8,20260922T155011_0c2931,,
Result - set4-12 | Early Stopping Boundaries,55,Sample Size,55,20260922T155011_0c2931,,
Result - set4-12 | Early Stopping Boundaries,65,Action,Early Stopping for Low Efficacy,20260922T155011_0c2931,,
Result - set4-12 | Early Stopping Boundaries,65,Boundary,CR ≤ 3 and CR/PR ≤ 10,20260922T155011_0c2931,,
Result - set4-12 | Early Stopping Boundaries,65,Sample Size,65,20260922T155011_0c2931,,
Result - set4-12 | Early Stopping Boundaries,75,Action,Early Stopping for Low Efficacy,20260922T155011_0c2931,,
Result - set4-12 | Early Stopping Boundaries,75,Boundary,CR ≤ 4 and CR/PR ≤ 12,20260922T155011_0c2931,,
Result - set4-12 | Early Stopping Boundaries,75,Sample Size,75,20260922T155011_0c2931,,
Result - set4-12 | Early Stopping Boundaries,85,Action,Early Stopping for Low Efficacy,20260922T155011_0c2931,,
Result - set4-12 | Early Stopping Boundaries,85,Boundary,CR ≤ 5 and CR/PR ≤ 14,20260922T155011_0c2931,,
Result - set4-12 | Early Stopping Boundaries,85,Sample Size,85,20260922T155011_0c2931,,
Result - set4-12 | Early Stopping Boundaries,95,Action,Early Stopping for Low Efficacy,20260922T155011_0c2931,,
Result - set4-12 | Early Stopping Boundaries,95,Boundary,CR ≤ 6 and CR/PR ≤ 15,20260922T155011_0c2931,,
Result - set4-12 | Early Stopping Boundaries,95,Sample Size,95,20260922T155011_0c2931,,
Result - set4-12 | Frequency of Early Stopping,15,Cumulative Early Stop,0,20260922T155011_0c2931,,
Result - set4-12 | Frequency of Early Stopping,15,Early Stop,0,20260922T155011_0c2931,,
Result - set4-12 | Frequency of Early Stopping,15,Sample Size,15,20260922T155011_0c2931,,
Result - set4-12 | Frequency of Early Stopping,25,Cumulative Early Stop,0,20260922T155011_0c2931,,
Result - set4-12 | Frequency of Early Stopping,25,Early Stop,0,20260922T155011_0c2931,,
Result - set4-12 | Frequency of Early Stopping,25,Sample Size,25,20260922T155011_0c2931,,
Result - set4-12 | Frequency of Early Stopping,35,Cumulative Early Stop,0,20260922T155011_0c2931,,
Result - set4-12 | Frequency of Early Stopping,35,Early Stop,0,20260922T155011_0c2931,,
Result - set4-12 | Frequency of Early Stopping,35,Sample Size,35,20260922T155011_0c2931,,
Result - set4-12 | Frequency of Early Stopping,45,Cumulative Early Stop,0,20260922T155011_0c2931,,
Result - set4-12 | Frequency of Early Stopping,45,Early Stop,0,20260922T155011_0c2931,,
Result - set4-12 | Frequency of Early Stopping,45,Sample Size,45,20260922T155011_0c2931,,
Result - set4-12 | Frequency of Early Stopping,55,Cumulative Early Stop,0,20260922T155011_0c2931,,
Result - set4-12 | Frequency of Early Stopping,55,Early Stop,0,20260922T155011_0c2931,,
Result - set4-12 | Frequency of Early Stopping,55,Sample Size,55,20260922T155011_0c2931,,
Result - set4-12 | Frequency of Early Stopping,65,Cumulative Early Stop,0,20260922T155011_0c2931,,
Result - set4-12 | Frequency of Early Stopping,65,Early Stop,0,20260922T155011_0c2931,,
Result - set4-12 | Frequency of Early Stopping,65,Sample Size,65,20260922T155011_0c2931,,
Result - set4-12 | Frequency of Early Stopping,75,Cumulative Early Stop,0,20260922T155011_0c2931,,
Result - set4-12 | Frequency of Early Stopping,75,Early Stop,0,20260922T155011_0c2931,,
Result - set4-12 | Frequency of Early Stopping,75,Sample Size,75,20260922T155011_0c2931,,
Result - set4-12 | Frequency of Early Stopping,85,Cumulative Early Stop,0,20260922T155011_0c2931,,
Result - set4-12 | Frequency of Early Stopping,85,Early Stop,0,20260922T155011_0c2931,,
Result - set4-12 | Frequency of Early Stopping,85,Sample Size,85,20260922T155011_0c2931,,
Result - set4-12 | Operating Characteristics,1,Average Sample Size,95,20260922T155011_0c2931,,
Result - set4-12 | Operating Characteristics,1,Early Stop,0,20260922T155011_0c2931,,
Result - set4-12 | Operating Characteristics,1,Positive Trial,1,20260922T155011_0c2931,,
Result - set4-12 | Plan #1,Phase,Parameter,Phase,20260922T155011_0c2931,,
Result - set4-12 | Plan #1,Phase,Value,2,20260922T155011_0c2931,,
Result - set4-12 | Plan #1,Study Objective,Parameter,Study Objective,20260922T155011_0c2931,,
Result - set4-12 | Plan #1,Study Objective,Value,One Arm Exploratory / Confirmatory,20260922T155011_0c2931,,
Result - set4-12 | Plan #1,Target Population,Parameter,Target Population,20260922T155011_0c2931,,
Result - set4-12 | Plan #1,Target Population,Value,Adult,20260922T155011_0c2931,,
Result - set4-12 | Plan #1,Treatment Arm,Parameter,Treatment Arm,20260922T155011_0c2931,,
Result - set4-12 | Plan #1,Treatment Arm,Value,EXP,20260922T155011_0c2931,,
Result - set4-12 | Plan #2,Endpoint Name,Parameter,Endpoint Name,20260922T155011_0c2931,,
Result - set4-12 | Plan #2,Endpoint Name,Value,EP1,20260922T155011_0c2931,,
Result - set4-12 | Plan #2,Endpoint Type,Parameter,Endpoint Type,20260922T155011_0c2931,,
Result - set4-12 | Plan #2,Endpoint Type,Value,Categorical,20260922T155011_0c2931,,
Result - set4-12 | Plan #2,Priority,Parameter,Priority,20260922T155011_0c2931,,
Result - set4-12 | Plan #2,Priority,Value,Primary,20260922T155011_0c2931,,
Result - set4-12 | Simulation Summary #1,Number of Analysis,Test,Number of Analysis,20260922T155011_0c2931,,
Result - set4-12 | Simulation Summary #1,Number of Analysis,value,9,20260922T155011_0c2931,,
Result - set4-12 | Simulation Summary #1,Probability(CR),Test,Probability(CR),20260922T155011_0c2931,,
Result - set4-12 | Simulation Summary #1,Probability(CR),Test,Probability(CR),20260922T155011_0c2931,,
Result - set4-12 | Simulation Summary #1,Probability(CR),value,0.0564,20260922T155011_0c2931,,
Result - set4-12 | Simulation Summary #1,Probability(CR),value,0.1896,20260922T155011_0c2931,,
Result - set4-12 | Simulation Summary #1,Probability(PR),Test,Probability(PR),20260922T155011_0c2931,,
Result - set4-12 | Simulation Summary #1,Probability(PR),Test,Probability(PR),20260922T155011_0c2931,,
Result - set4-12 | Simulation Summary #1,Probability(PR),value,0.0985,20260922T155011_0c2931,,
Result - set4-12 | Simulation Summary #1,Probability(PR),value,0.2989,20260922T155011_0c2931,,
Result - set4-12 | Simulation Summary #1,Response Rate (H0),Test,Response Rate (H0),20260922T155011_0c2931,,
Result - set4-12 | Simulation Summary #1,Response Rate (H0),value,,20260922T155011_0c2931,,
Result - set4-12 | Simulation Summary #1,Response Rate (H1),Test,Response Rate (H1),20260922T155011_0c2931,,
Result - set4-12 | Simulation Summary #1,Response Rate (H1),value,,20260922T155011_0c2931,,
Result - set4-12 | Simulation Summary #1,Test Name,Test,Test Name,20260922T155011_0c2931,,
Result - set4-12 | Simulation Summary #1,Test Name,value,BOP2 : Ordinal (Single Arm Bayesian Optimal Design),20260922T155011_0c2931,,
Result - set4-12 | Simulation Summary #1,Type 1 Error (α),Test,Type 1 Error (α),20260922T155011_0c2931,,
Result - set4-12 | Simulation Summary #1,Type 1 Error (α),value,0.29,20260922T155011_0c2931,,
Result - set4-12 | Simulation Summary #2,Probability(CR),Response Generation,Probability(CR),20260922T155011_0c2931,,
Result - set4-12 | Simulation Summary #2,Probability(CR),value,0.3212,20260922T155011_0c2931,,
Result - set4-12 | Simulation Summary #2,Probability(PR),Response Generation,Probability(PR),20260922T155011_0c2931,,
Result - set4-12 | Simulation Summary #2,Probability(PR),value,0.3321,20260922T155011_0c2931,,
Result - set4-12 | Simulation Summary #2,Response Rate,Response Generation,Response Rate,20260922T155011_0c2931,,
Result - set4-12 | Simulation Summary #2,Response Rate,value,,20260922T155011_0c2931,,
Result - set4-12 | Simulation Summary #3,Number of Simulations Run,Simulation Parameters,Number of Simulations Run,20260922T155011_0c2931,,
Result - set4-12 | Simulation Summary #3,Number of Simulations Run,value,1002,20260922T155011_0c2931,,
Result - set4-12 | Simulation Summary #3,Random Number Seed,Simulation Parameters,Random Number Seed,20260922T155011_0c2931,,
Result - set4-12 | Simulation Summary #3,Random Number Seed,value,Fixed,20260922T155011_0c2931,,
Result - set4-12 | Simulation Summary #3,Starting Seed,Simulation Parameters,Starting Seed,20260922T155011_0c2931,,
Result - set4-12 | Simulation Summary #3,Starting Seed,value,134,20260922T155011_0c2931,,
Result - set4-12 | Simulation Summary #3,Total Number of Simulations,Simulation Parameters,Total Number of Simulations,20260922T155011_0c2931,,
Result - set4-12 | Simulation Summary #3,Total Number of Simulations,value,1002,20260922T155011_0c2931,,
Result - set4-13 | Early Stopping Boundaries,15,Action,Early Stopping for Low Efficacy,20260922T155011_0c2931,,
Result - set4-13 | Early Stopping Boundaries,15,Boundary,CR ≤ 0 and CR/PR ≤ 1,20260922T155011_0c2931,,
Result - set4-13 | Early Stopping Boundaries,15,Sample Size,15,20260922T155011_0c2931,,
Result - set4-13 | Early Stopping Boundaries,25,Action,Early Stopping for Low Efficacy,20260922T155011_0c2931,,
Result - set4-13 | Early Stopping Boundaries,25,Boundary,CR ≤ 1 and CR/PR ≤ 3,20260922T155011_0c2931,,
Result - set4-13 | Early Stopping Boundaries,25,Sample Size,25,20260922T155011_0c2931,,
Result - set4-13 | Early Stopping Boundaries,35,Action,Early Stopping for Low Efficacy,20260922T155011_0c2931,,
Result - set4-13 | Early Stopping Boundaries,35,Boundary,CR ≤ 1 and CR/PR ≤ 4,20260922T155011_0c2931,,
Result - set4-13 | Early Stopping Boundaries,35,Sample Size,35,20260922T155011_0c2931,,
Result - set4-13 | Early Stopping Boundaries,45,Action,Early Stopping for Low Efficacy,20260922T155011_0c2931,,
Result - set4-13 | Early Stopping Boundaries,45,Boundary,CR ≤ 2 and CR/PR ≤ 6,20260922T155011_0c2931,,
Result - set4-13 | Early Stopping Boundaries,45,Sample Size,45,20260922T155011_0c2931,,
Result - set4-13 | Early Stopping Boundaries,55,Action,Early Stopping for Low Efficacy,20260922T155011_0c2931,,
Result - set4-13 | Early Stopping Boundaries,55,Boundary,CR ≤ 3 and CR/PR ≤ 8,20260922T155011_0c2931,,
Result - set4-13 | Early Stopping Boundaries,55,Sample Size,55,20260922T155011_0c2931,,
Result - set4-13 | Early Stopping Boundaries,65,Action,Early Stopping for Low Efficacy,20260922T155011_0c2931,,
Result - set4-13 | Early Stopping Boundaries,65,Boundary,CR ≤ 3 and CR/PR ≤ 10,20260922T155011_0c2931,,
Result - set4-13 | Early Stopping Boundaries,65,Sample Size,65,20260922T155011_0c2931,,
Result - set4-13 | Early Stopping Boundaries,75,Action,Early Stopping for Low Efficacy,20260922T155011_0c2931,,
Result - set4-13 | Early Stopping Boundaries,75,Boundary,CR ≤ 4 and CR/PR ≤ 12,20260922T155011_0c2931,,
Result - set4-13 | Early Stopping Boundaries,75,Sample Size,75,20260922T155011_0c2931,,
Result - set4-13 | Early Stopping Boundaries,85,Action,Early Stopping for Low Efficacy,20260922T155011_0c2931,,
Result - set4-13 | Early Stopping Boundaries,85,Boundary,CR ≤ 5 and CR/PR ≤ 14,20260922T155011_0c2931,,
Result - set4-13 | Early Stopping Boundaries,85,Sample Size,85,20260922T155011_0c2931,,
Result - set4-13 | Early Stopping Boundaries,95,Action,Early Stopping for Low Efficacy,20260922T155011_0c2931,,
Result - set4-13 | Early Stopping Boundaries,95,Boundary,CR ≤ 6 and CR/PR ≤ 15,20260922T155011_0c2931,,
Result - set4-13 | Early Stopping Boundaries,95,Sample Size,95,20260922T155011_0c2931,,
Result - set4-13 | Frequency of Early Stopping,15,Cumulative Early Stop,0,20260922T155011_0c2931,,
Result - set4-13 | Frequency of Early Stopping,15,Early Stop,0,20260922T155011_0c2931,,
Result - set4-13 | Frequency of Early Stopping,15,Sample Size,15,20260922T155011_0c2931,,
Result - set4-13 | Frequency of Early Stopping,25,Cumulative Early Stop,0,20260922T155011_0c2931,,
Result - set4-13 | Frequency of Early Stopping,25,Early Stop,0,20260922T155011_0c2931,,
Result - set4-13 | Frequency of Early Stopping,25,Sample Size,25,20260922T155011_0c2931,,
Result - set4-13 | Frequency of Early Stopping,35,Cumulative Early Stop,0,20260922T155011_0c2931,,
Result - set4-13 | Frequency of Early Stopping,35,Early Stop,0,20260922T155011_0c2931,,
Result - set4-13 | Frequency of Early Stopping,35,Sample Size,35,20260922T155011_0c2931,,
Result - set4-13 | Frequency of Early Stopping,45,Cumulative Early Stop,0,20260922T155011_0c2931,,
Result - set4-13 | Frequency of Early Stopping,45,Early Stop,0,20260922T155011_0c2931,,
Result - set4-13 | Frequency of Early Stopping,45,Sample Size,45,20260922T155011_0c2931,,
Result - set4-13 | Frequency of Early Stopping,55,Cumulative Early Stop,0,20260922T155011_0c2931,,
Result - set4-13 | Frequency of Early Stopping,55,Early Stop,0,20260922T155011_0c2931,,
Result - set4-13 | Frequency of Early Stopping,55,Sample Size,55,20260922T155011_0c2931,,
Result - set4-13 | Frequency of Early Stopping,65,Cumulative Early Stop,0,20260922T155011_0c2931,,
Result - set4-13 | Frequency of Early Stopping,65,Early Stop,0,20260922T155011_0c2931,,
Result - set4-13 | Frequency of Early Stopping,65,Sample Size,65,20260922T155011_0c2931,,
Result - set4-13 | Frequency of Early Stopping,75,Cumulative Early Stop,0,20260922T155011_0c2931,,
Result - set4-13 | Frequency of Early Stopping,75,Early Stop,0,20260922T155011_0c2931,,
Result - set4-13 | Frequency of Early Stopping,75,Sample Size,75,20260922T155011_0c2931,,
Result - set4-13 | Frequency of Early Stopping,85,Cumulative Early Stop,0,20260922T155011_0c2931,,
Result - set4-13 | Frequency of Early Stopping,85,Early Stop,0,20260922T155011_0c2931,,
Result - set4-13 | Frequency of Early Stopping,85,Sample Size,85,20260922T155011_0c2931,,
Result - set4-13 | Operating Characteristics,1,Average Sample Size,95,20260922T155011_0c2931,,
Result - set4-13 | Operating Characteristics,1,Early Stop,0,20260922T155011_0c2931,,
Result - set4-13 | Operating Characteristics,1,Positive Trial,1,20260922T155011_0c2931,,
Result - set4-13 | Plan #1,Phase,Parameter,Phase,20260922T155011_0c2931,,
Result - set4-13 | Plan #1,Phase,Value,2,20260922T155011_0c2931,,
Result - set4-13 | Plan #1,Study Objective,Parameter,Study Objective,20260922T155011_0c2931,,
Result - set4-13 | Plan #1,Study Objective,Value,One Arm Exploratory / Confirmatory,20260922T155011_0c2931,,
Result - set4-13 | Plan #1,Target Population,Parameter,Target Population,20260922T155011_0c2931,,
Result - set4-13 | Plan #1,Target Population,Value,Adult,20260922T155011_0c2931,,
Result - set4-13 | Plan #1,Treatment Arm,Parameter,Treatment Arm,20260922T155011_0c2931,,
Result - set4-13 | Plan #1,Treatment Arm,Value,EXP,20260922T155011_0c2931,,
Result - set4-13 | Plan #2,Endpoint Name,Parameter,Endpoint Name,20260922T155011_0c2931,,
Result - set4-13 | Plan #2,Endpoint Name,Value,EP1,20260922T155011_0c2931,,
Result - set4-13 | Plan #2,Endpoint Type,Parameter,Endpoint Type,20260922T155011_0c2931,,
Result - set4-13 | Plan #2,Endpoint Type,Value,Categorical,20260922T155011_0c2931,,
Result - set4-13 | Plan #2,Priority,Parameter,Priority,20260922T155011_0c2931,,
Result - set4-13 | Plan #2,Priority,Value,Primary,20260922T155011_0c2931,,
Result - set4-13 | Simulation Summary #1,Number of Analysis,Test,Number of Analysis,20260922T155011_0c2931,,
Result - set4-13 | Simulation Summary #1,Number of Analysis,value,9,20260922T155011_0c2931,,
Result - set4-13 | Simulation Summary #1,Probability(CR),Test,Probability(CR),20260922T155011_0c2931,,
Result - set4-13 | Simulation Summary #1,Probability(CR),Test,Probability(CR),20260922T155011_0c2931,,
Result - set4-13 | Simulation Summary #1,Probability(CR),value,0.0564,20260922T155011_0c2931,,
Result - set4-13 | Simulation Summary #1,Probability(CR),value,0.1896,20260922T155011_0c2931,,
Result - set4-13 | Simulation Summary #1,Probability(PR),Test,Probability(PR),20260922T155011_0c2931,,
Result - set4-13 | Simulation Summary #1,Probability(PR),Test,Probability(PR),20260922T155011_0c2931,,
Result - set4-13 | Simulation Summary #1,Probability(PR),value,0.0985,20260922T155011_0c2931,,
Result - set4-13 | Simulation Summary #1,Probability(PR),value,0.2989,20260922T155011_0c2931,,
Result - set4-13 | Simulation Summary #1,Response Rate (H0),Test,Response Rate (H0),20260922T155011_0c2931,,
Result - set4-13 | Simulation Summary #1,Response Rate (H0),value,,20260922T155011_0c2931,,
Result - set4-13 | Simulation Summary #1,Response Rate (H1),Test,Response Rate (H1),20260922T155011_0c2931,,
Result - set4-13 | Simulation Summary #1,Response Rate (H1),value,,20260922T155011_0c2931,,
Result - set4-13 | Simulation Summary #1,Test Name,Test,Test Name,20260922T155011_0c2931,,
Result - set4-13 | Simulation Summary #1,Test Name,value,BOP2 : Ordinal (Single Arm Bayesian Optimal Design),20260922T155011_0c2931,,
Result - set4-13 | Simulation Summary #1,Type 1 Error (α),Test,Type 1 Error (α),20260922T155011_0c2931,,
Result - set4-13 | Simulation Summary #1,Type 1 Error (α),value,0.29,20260922T155011_0c2931,,
Result - set4-13 | Simulation Summary #2,Probability(CR),Response Generation,Probability(CR),20260922T155011_0c2931,,
Result - set4-13 | Simulation Summary #2,Probability(CR),value,0.3233,20260922T155011_0c2931,,
Result - set4-13 | Simulation Summary #2,Probability(PR),Response Generation,Probability(PR),20260922T155011_0c2931,,
Result - set4-13 | Simulation Summary #2,Probability(PR),value,0.3023,20260922T155011_0c2931,,
Result - set4-13 | Simulation Summary #2,Response Rate,Response Generation,Response Rate,20260922T155011_0c2931,,
Result - set4-13 | Simulation Summary #2,Response Rate,value,,20260922T155011_0c2931,,
Result - set4-13 | Simulation Summary #3,Number of Simulations Run,Simulation Parameters,Number of Simulations Run,20260922T155011_0c2931,,
Result - set4-13 | Simulation Summary #3,Number of Simulations Run,value,1002,20260922T155011_0c2931,,
Result - set4-13 | Simulation Summary #3,Random Number Seed,Simulation Parameters,Random Number Seed,20260922T155011_0c2931,,
Result - set4-13 | Simulation Summary #3,Random Number Seed,value,Fixed,20260922T155011_0c2931,,
Result - set4-13 | Simulation Summary #3,Starting Seed,Simulation Parameters,Starting Seed,20260922T155011_0c2931,,
Result - set4-13 | Simulation Summary #3,Starting Seed,value,134,20260922T155011_0c2931,,
Result - set4-13 | Simulation Summary #3,Total Number of Simulations,Simulation Parameters,Total Number of Simulations,20260922T155011_0c2931,,
Result - set4-13 | Simulation Summary #3,Total Number of Simulations,value,1002,20260922T155011_0c2931,,
Result - set4-14 | Early Stopping Boundaries,15,Action,Early Stopping for Low Efficacy,20260922T155011_0c2931,,
Result - set4-14 | Early Stopping Boundaries,15,Boundary,CR ≤ 0 and CR/PR ≤ 1,20260922T155011_0c2931,,
Result - set4-14 | Early Stopping Boundaries,15,Sample Size,15,20260922T155011_0c2931,,
Result - set4-14 | Early Stopping Boundaries,25,Action,Early Stopping for Low Efficacy,20260922T155011_0c2931,,
Result - set4-14 | Early Stopping Boundaries,25,Boundary,CR ≤ 1 and CR/PR ≤ 3,20260922T155011_0c2931,,
Result - set4-14 | Early Stopping Boundaries,25,Sample Size,25,20260922T155011_0c2931,,
Result - set4-14 | Early Stopping Boundaries,35,Action,Early Stopping for Low Efficacy,20260922T155011_0c2931,,
Result - set4-14 | Early Stopping Boundaries,35,Boundary,CR ≤ 1 and CR/PR ≤ 4,20260922T155011_0c2931,,
Result - set4-14 | Early Stopping Boundaries,35,Sample Size,35,20260922T155011_0c2931,,
Result - set4-14 | Early Stopping Boundaries,45,Action,Early Stopping for Low Efficacy,20260922T155011_0c2931,,
Result - set4-14 | Early Stopping Boundaries,45,Boundary,CR ≤ 2 and CR/PR ≤ 6,20260922T155011_0c2931,,
Result - set4-14 | Early Stopping Boundaries,45,Sample Size,45,20260922T155011_0c2931,,
Result - set4-14 | Early Stopping Boundaries,55,Action,Early Stopping for Low Efficacy,20260922T155011_0c2931,,
Result - set4-14 | Early Stopping Boundaries,55,Boundary,CR ≤ 3 and CR/PR ≤ 8,20260922T155011_0c2931,,
Result - set4-14 | Early Stopping Boundaries,55,Sample Size,55,20260922T155011_0c2931,,
Result - set4-14 | Early Stopping Boundaries,65,Action,Early Stopping for Low Efficacy,20260922T155011_0c2931,,
Result - set4-14 | Early Stopping Boundaries,65,Boundary,CR ≤ 3 and CR/PR ≤ 10,20260922T155011_0c2931,,
Result - set4-14 | Early Stopping Boundaries,65,Sample Size,65,20260922T155011_0c2931,,
Result - set4-14 | Early Stopping Boundaries,75,Action,Early Stopping for Low Efficacy,20260922T155011_0c2931,,
Result - set4-14 | Early Stopping Boundaries,75,Boundary,CR ≤ 4 and CR/PR ≤ 12,20260922T155011_0c2931,,
Result - set4-14 | Early Stopping Boundaries,75,Sample Size,75,20260922T155011_0c2931,,
Result - set4-14 | Early Stopping Boundaries,85,Action,Early Stopping for Low Efficacy,20260922T155011_0c2931,,
Result - set4-14 | Early Stopping Boundaries,85,Boundary,CR ≤ 5 and CR/PR ≤ 14,20260922T155011_0c2931,,
Result - set4-14 | Early Stopping Boundaries,85,Sample Size,85,20260922T155011_0c2931,,
Result - set4-14 | Early Stopping Boundaries,95,Action,Early Stopping for Low Efficacy,20260922T155011_0c2931,,
Result - set4-14 | Early Stopping Boundaries,95,Boundary,CR ≤ 6 and CR/PR ≤ 15,20260922T155011_0c2931,,
Result - set4-14 | Early Stopping Boundaries,95,Sample Size,95,20260922T155011_0c2931,,
Result - set4-14 | Frequency of Early Stopping,15,Cumulative Early Stop,0,20260922T155011_0c2931,,
Result - set4-14 | Frequency of Early Stopping,15,Early Stop,0,20260922T155011_0c2931,,
Result - set4-14 | Frequency of Early Stopping,15,Sample Size,15,20260922T155011_0c2931,,
Result - set4-14 | Frequency of Early Stopping,25,Cumulative Early Stop,0,20260922T155011_0c2931,,
Result - set4-14 | Frequency of Early Stopping,25,Early Stop,0,20260922T155011_0c2931,,
Result - set4-14 | Frequency of Early Stopping,25,Sample Size,25,20260922T155011_0c2931,,
Result - set4-14 | Frequency of Early Stopping,35,Cumulative Early Stop,0,20260922T155011_0c2931,,
Result - set4-14 | Frequency of Early Stopping,35,Early Stop,0,20260922T155011_0c2931,,
Result - set4-14 | Frequency of Early Stopping,35,Sample Size,35,20260922T155011_0c2931,,
Result - set4-14 | Frequency of Early Stopping,45,Cumulative Early Stop,0,20260922T155011_0c2931,,
Result - set4-14 | Frequency of Early Stopping,45,Early Stop,0,20260922T155011_0c2931,,
Result - set4-14 | Frequency of Early Stopping,45,Sample Size,45,20260922T155011_0c2931,,
Result - set4-14 | Frequency of Early Stopping,55,Cumulative Early Stop,0,20260922T155011_0c2931,,
Result - set4-14 | Frequency of Early Stopping,55,Early Stop,0,20260922T155011_0c2931,,
Result - set4-14 | Frequency of Early Stopping,55,Sample Size,55,20260922T155011_0c2931,,
Result - set4-14 | Frequency of Early Stopping,65,Cumulative Early Stop,0,20260922T155011_0c2931,,
Result - set4-14 | Frequency of Early Stopping,65,Early Stop,0,20260922T155011_0c2931,,
Result - set4-14 | Frequency of Early Stopping,65,Sample Size,65,20260922T155011_0c2931,,
Result - set4-14 | Frequency of Early Stopping,75,Cumulative Early Stop,0,20260922T155011_0c2931,,
Result - set4-14 | Frequency of Early Stopping,75,Early Stop,0,20260922T155011_0c2931,,
Result - set4-14 | Frequency of Early Stopping,75,Sample Size,75,20260922T155011_0c2931,,
Result - set4-14 | Frequency of Early Stopping,85,Cumulative Early Stop,0,20260922T155011_0c2931,,
Result - set4-14 | Frequency of Early Stopping,85,Early Stop,0,20260922T155011_0c2931,,
Result - set4-14 | Frequency of Early Stopping,85,Sample Size,85,20260922T155011_0c2931,,
Result - set4-14 | Operating Characteristics,1,Average Sample Size,95,20260922T155011_0c2931,,
Result - set4-14 | Operating Characteristics,1,Early Stop,0,20260922T155011_0c2931,,
Result - set4-14 | Operating Characteristics,1,Positive Trial,1,20260922T155011_0c2931,,
Result - set4-14 | Plan #1,Phase,Parameter,Phase,20260922T155011_0c2931,,
Result - set4-14 | Plan #1,Phase,Value,2,20260922T155011_0c2931,,
Result - set4-14 | Plan #1,Study Objective,Parameter,Study Objective,20260922T155011_0c2931,,
Result - set4-14 | Plan #1,Study Objective,Value,One Arm Exploratory / Confirmatory,20260922T155011_0c2931,,
Result - set4-14 | Plan #1,Target Population,Parameter,Target Population,20260922T155011_0c2931,,
Result - set4-14 | Plan #1,Target Population,Value,Adult,20260922T155011_0c2931,,
Result - set4-14 | Plan #1,Treatment Arm,Parameter,Treatment Arm,20260922T155011_0c2931,,
Result - set4-14 | Plan #1,Treatment Arm,Value,EXP,20260922T155011_0c2931,,
Result - set4-14 | Plan #2,Endpoint Name,Parameter,Endpoint Name,20260922T155011_0c2931,,
Result - set4-14 | Plan #2,Endpoint Name,Value,EP1,20260922T155011_0c2931,,
Result - set4-14 | Plan #2,Endpoint Type,Parameter,Endpoint Type,20260922T155011_0c2931,,
Result - set4-14 | Plan #2,Endpoint Type,Value,Categorical,20260922T155011_0c2931,,
Result - set4-14 | Plan #2,Priority,Parameter,Priority,20260922T155011_0c2931,,
Result - set4-14 | Plan #2,Priority,Value,Primary,20260922T155011_0c2931,,
Result - set4-14 | Simulation Summary #1,Number of Analysis,Test,Number of Analysis,20260922T155011_0c2931,,
Result - set4-14 | Simulation Summary #1,Number of Analysis,value,9,20260922T155011_0c2931,,
Result - set4-14 | Simulation Summary #1,Probability(CR),Test,Probability(CR),20260922T155011_0c2931,,
Result - set4-14 | Simulation Summary #1,Probability(CR),Test,Probability(CR),20260922T155011_0c2931,,
Result - set4-14 | Simulation Summary #1,Probability(CR),value,0.0564,20260922T155011_0c2931,,
Result - set4-14 | Simulation Summary #1,Probability(CR),value,0.1896,20260922T155011_0c2931,,
Result - set4-14 | Simulation Summary #1,Probability(PR),Test,Probability(PR),20260922T155011_0c2931,,
Result - set4-14 | Simulation Summary #1,Probability(PR),Test,Probability(PR),20260922T155011_0c2931,,
Result - set4-14 | Simulation Summary #1,Probability(PR),value,0.0985,20260922T155011_0c2931,,
Result - set4-14 | Simulation Summary #1,Probability(PR),value,0.2989,20260922T155011_0c2931,,
Result - set4-14 | Simulation Summary #1,Response Rate (H0),Test,Response Rate (H0),20260922T155011_0c2931,,
Result - set4-14 | Simulation Summary #1,Response Rate (H0),value,,20260922T155011_0c2931,,
Result - set4-14 | Simulation Summary #1,Response Rate (H1),Test,Response Rate (H1),20260922T155011_0c2931,,
Result - set4-14 | Simulation Summary #1,Response Rate (H1),value,,20260922T155011_0c2931,,
Result - set4-14 | Simulation Summary #1,Test Name,Test,Test Name,20260922T155011_0c2931,,
Result - set4-14 | Simulation Summary #1,Test Name,value,BOP2 : Ordinal (Single Arm Bayesian Optimal Design),20260922T155011_0c2931,,
Result - set4-14 | Simulation Summary #1,Type 1 Error (α),Test,Type 1 Error (α),20260922T155011_0c2931,,
Result - set4-14 | Simulation Summary #1,Type 1 Error (α),value,0.29,20260922T155011_0c2931,,
Result - set4-14 | Simulation Summary #2,Probability(CR),Response Generation,Probability(CR),20260922T155011_0c2931,,
Result - set4-14 | Simulation Summary #2,Probability(CR),value,0.3333,20260922T155011_0c2931,,
Result - set4-14 | Simulation Summary #2,Probability(PR),Response Generation,Probability(PR),20260922T155011_0c2931,,
Result - set4-14 | Simulation Summary #2,Probability(PR),value,0.3232,20260922T155011_0c2931,,
Result - set4-14 | Simulation Summary #2,Response Rate,Response Generation,Response Rate,20260922T155011_0c2931,,
Result - set4-14 | Simulation Summary #2,Response Rate,value,,20260922T155011_0c2931,,
Result - set4-14 | Simulation Summary #3,Number of Simulations Run,Simulation Parameters,Number of Simulations Run,20260922T155011_0c2931,,
Result - set4-14 | Simulation Summary #3,Number of Simulations Run,value,1002,20260922T155011_0c2931,,
Result - set4-14 | Simulation Summary #3,Random Number Seed,Simulation Parameters,Random Number Seed,20260922T155011_0c2931,,
Result - set4-14 | Simulation Summary #3,Random Number Seed,value,Fixed,20260922T155011_0c2931,,
Result - set4-14 | Simulation Summary #3,Starting Seed,Simulation Parameters,Starting Seed,20260922T155011_0c2931,,
Result - set4-14 | Simulation Summary #3,Starting Seed,value,134,20260922T155011_0c2931,,
Result - set4-14 | Simulation Summary #3,Total Number of Simulations,Simulation Parameters,Total Number of Simulations,20260922T155011_0c2931,,
Result - set4-14 | Simulation Summary #3,Total Number of Simulations,value,1002,20260922T155011_0c2931,,
Result - set4-15 | Early Stopping Boundaries,15,Action,Early Stopping for Low Efficacy,20260922T155011_0c2931,,
Result - set4-15 | Early Stopping Boundaries,15,Boundary,CR ≤ 0 and CR/PR ≤ 1,20260922T155011_0c2931,,
Result - set4-15 | Early Stopping Boundaries,15,Sample Size,15,20260922T155011_0c2931,,
Result - set4-15 | Early Stopping Boundaries,25,Action,Early Stopping for Low Efficacy,20260922T155011_0c2931,,
Result - set4-15 | Early Stopping Boundaries,25,Boundary,CR ≤ 1 and CR/PR ≤ 3,20260922T155011_0c2931,,
Result - set4-15 | Early Stopping Boundaries,25,Sample Size,25,20260922T155011_0c2931,,
Result - set4-15 | Early Stopping Boundaries,35,Action,Early Stopping for Low Efficacy,20260922T155011_0c2931,,
Result - set4-15 | Early Stopping Boundaries,35,Boundary,CR ≤ 1 and CR/PR ≤ 4,20260922T155011_0c2931,,
Result - set4-15 | Early Stopping Boundaries,35,Sample Size,35,20260922T155011_0c2931,,
Result - set4-15 | Early Stopping Boundaries,45,Action,Early Stopping for Low Efficacy,20260922T155011_0c2931,,
Result - set4-15 | Early Stopping Boundaries,45,Boundary,CR ≤ 2 and CR/PR ≤ 6,20260922T155011_0c2931,,
Result - set4-15 | Early Stopping Boundaries,45,Sample Size,45,20260922T155011_0c2931,,
Result - set4-15 | Early Stopping Boundaries,55,Action,Early Stopping for Low Efficacy,20260922T155011_0c2931,,
Result - set4-15 | Early Stopping Boundaries,55,Boundary,CR ≤ 3 and CR/PR ≤ 8,20260922T155011_0c2931,,
Result - set4-15 | Early Stopping Boundaries,55,Sample Size,55,20260922T155011_0c2931,,
Result - set4-15 | Early Stopping Boundaries,65,Action,Early Stopping for Low Efficacy,20260922T155011_0c2931,,
Result - set4-15 | Early Stopping Boundaries,65,Boundary,CR ≤ 3 and CR/PR ≤ 10,20260922T155011_0c2931,,
Result - set4-15 | Early Stopping Boundaries,65,Sample Size,65,20260922T155011_0c2931,,
Result - set4-15 | Early Stopping Boundaries,75,Action,Early Stopping for Low Efficacy,20260922T155011_0c2931,,
Result - set4-15 | Early Stopping Boundaries,75,Boundary,CR ≤ 4 and CR/PR ≤ 12,20260922T155011_0c2931,,
Result - set4-15 | Early Stopping Boundaries,75,Sample Size,75,20260922T155011_0c2931,,
Result - set4-15 | Early Stopping Boundaries,85,Action,Early Stopping for Low Efficacy,20260922T155011_0c2931,,
Result - set4-15 | Early Stopping Boundaries,85,Boundary,CR ≤ 5 and CR/PR ≤ 14,20260922T155011_0c2931,,
Result - set4-15 | Early Stopping Boundaries,85,Sample Size,85,20260922T155011_0c2931,,
Result - set4-15 | Early Stopping Boundaries,95,Action,Early Stopping for Low Efficacy,20260922T155011_0c2931,,
Result - set4-15 | Early Stopping Boundaries,95,Boundary,CR ≤ 6 and CR/PR ≤ 15,20260922T155011_0c2931,,
Result - set4-15 | Early Stopping Boundaries,95,Sample Size,95,20260922T155011_0c2931,,
Result - set4-15 | Frequency of Early Stopping,15,Cumulative Early Stop,0,20260922T155011_0c2931,,
Result - set4-15 | Frequency of Early Stopping,15,Early Stop,0,20260922T155011_0c2931,,
Result - set4-15 | Frequency of Early Stopping,15,Sample Size,15,20260922T155011_0c2931,,
Result - set4-15 | Frequency of Early Stopping,25,Cumulative Early Stop,0,20260922T155011_0c2931,,
Result - set4-15 | Frequency of Early Stopping,25,Early Stop,0,20260922T155011_0c2931,,
Result - set4-15 | Frequency of Early Stopping,25,Sample Size,25,20260922T155011_0c2931,,
Result - set4-15 | Frequency of Early Stopping,35,Cumulative Early Stop,0,20260922T155011_0c2931,,
Result - set4-15 | Frequency of Early Stopping,35,Early Stop,0,20260922T155011_0c2931,,
Result - set4-15 | Frequency of Early Stopping,35,Sample Size,35,20260922T155011_0c2931,,
Result - set4-15 | Frequency of Early Stopping,45,Cumulative Early Stop,0,20260922T155011_0c2931,,
Result - set4-15 | Frequency of Early Stopping,45,Early Stop,0,20260922T155011_0c2931,,
Result - set4-15 | Frequency of Early Stopping,45,Sample Size,45,20260922T155011_0c2931,,
Result - set4-15 | Frequency of Early Stopping,55,Cumulative Early Stop,0,20260922T155011_0c2931,,
Result - set4-15 | Frequency of Early Stopping,55,Early Stop,0,20260922T155011_0c2931,,
Result - set4-15 | Frequency of Early Stopping,55,Sample Size,55,20260922T155011_0c2931,,
Result - set4-15 | Frequency of Early Stopping,65,Cumulative Early Stop,0,20260922T155011_0c2931,,
Result - set4-15 | Frequency of Early Stopping,65,Early Stop,0,20260922T155011_0c2931,,
Result - set4-15 | Frequency of Early Stopping,65,Sample Size,65,20260922T155011_0c2931,,
Result - set4-15 | Frequency of Early Stopping,75,Cumulative Early Stop,0,20260922T155011_0c2931,,
Result - set4-15 | Frequency of Early Stopping,75,Early Stop,0,20260922T155011_0c2931,,
Result - set4-15 | Frequency of Early Stopping,75,Sample Size,75,20260922T155011_0c2931,,
Result - set4-15 | Frequency of Early Stopping,85,Cumulative Early Stop,0,20260922T155011_0c2931,,
Result - set4-15 | Frequency of Early Stopping,85,Early Stop,0,20260922T155011_0c2931,,
Result - set4-15 | Frequency of Early Stopping,85,Sample Size,85,20260922T155011_0c2931,,
Result - set4-15 | Operating Characteristics,1,Average Sample Size,95,20260922T155011_0c2931,,
Result - set4-15 | Operating Characteristics,1,Early Stop,0,20260922T155011_0c2931,,
Result - set4-15 | Operating Characteristics,1,Positive Trial,1,20260922T155011_0c2931,,
Result - set4-15 | Plan #1,Phase,Parameter,Phase,20260922T155011_0c2931,,
Result - set4-15 | Plan #1,Phase,Value,2,20260922T155011_0c2931,,
Result - set4-15 | Plan #1,Study Objective,Parameter,Study Objective,20260922T155011_0c2931,,
Result - set4-15 | Plan #1,Study Objective,Value,One Arm Exploratory / Confirmatory,20260922T155011_0c2931,,
Result - set4-15 | Plan #1,Target Population,Parameter,Target Population,20260922T155011_0c2931,,
Result - set4-15 | Plan #1,Target Population,Value,Adult,20260922T155011_0c2931,,
Result - set4-15 | Plan #1,Treatment Arm,Parameter,Treatment Arm,20260922T155011_0c2931,,
Result - set4-15 | Plan #1,Treatment Arm,Value,EXP,20260922T155011_0c2931,,
Result - set4-15 | Plan #2,Endpoint Name,Parameter,Endpoint Name,20260922T155011_0c2931,,
Result - set4-15 | Plan #2,Endpoint Name,Value,EP1,20260922T155011_0c2931,,
Result - set4-15 | Plan #2,Endpoint Type,Parameter,Endpoint Type,20260922T155011_0c2931,,
Result - set4-15 | Plan #2,Endpoint Type,Value,Categorical,20260922T155011_0c2931,,
Result - set4-15 | Plan #2,Priority,Parameter,Priority,20260922T155011_0c2931,,
Result - set4-15 | Plan #2,Priority,Value,Primary,20260922T155011_0c2931,,
Result - set4-15 | Simulation Summary #1,Number of Analysis,Test,Number of Analysis,20260922T155011_0c2931,,
Result - set4-15 | Simulation Summary #1,Number of Analysis,value,9,20260922T155011_0c2931,,
Result - set4-15 | Simulation Summary #1,Probability(CR),Test,Probability(CR),20260922T155011_0c2931,,
Result - set4-15 | Simulation Summary #1,Probability(CR),Test,Probability(CR),20260922T155011_0c2931,,
Result - set4-15 | Simulation Summary #1,Probability(CR),value,0.0564,20260922T155011_0c2931,,
Result - set4-15 | Simulation Summary #1,Probability(CR),value,0.1896,20260922T155011_0c2931,,
Result - set4-15 | Simulation Summary #1,Probability(PR),Test,Probability(PR),20260922T155011_0c2931,,
Result - set4-15 | Simulation Summary #1,Probability(PR),Test,Probability(PR),20260922T155011_0c2931,,
Result - set4-15 | Simulation Summary #1,Probability(PR),value,0.0985,20260922T155011_0c2931,,
Result - set4-15 | Simulation Summary #1,Probability(PR),value,0.2989,20260922T155011_0c2931,,
Result - set4-15 | Simulation Summary #1,Response Rate (H0),Test,Response Rate (H0),20260922T155011_0c2931,,
Result - set4-15 | Simulation Summary #1,Response Rate (H0),value,,20260922T155011_0c2931,,
Result - set4-15 | Simulation Summary #1,Response Rate (H1),Test,Response Rate (H1),20260922T155011_0c2931,,
Result - set4-15 | Simulation Summary #1,Response Rate (H1),value,,20260922T155011_0c2931,,
Result - set4-15 | Simulation Summary #1,Test Name,Test,Test Name,20260922T155011_0c2931,,
Result - set4-15 | Simulation Summary #1,Test Name,value,BOP2 : Ordinal (Single Arm Bayesian Optimal Design),20260922T155011_0c2931,,
Result - set4-15 | Simulation Summary #1,Type 1 Error (α),Test,Type 1 Error (α),20260922T155011_0c2931,,
Result - set4-15 | Simulation Summary #1,Type 1 Error (α),value,0.29,20260922T155011_0c2931,,
Result - set4-15 | Simulation Summary #2,Probability(CR),Response Generation,Probability(CR),20260922T155011_0c2931,,
Result - set4-15 | Simulation Summary #2,Probability(CR),value,0.3234,20260922T155011_0c2931,,
Result - set4-15 | Simulation Summary #2,Probability(PR),Response Generation,Probability(PR),20260922T155011_0c2931,,
Result - set4-15 | Simulation Summary #2,Probability(PR),value,0.339,20260922T155011_0c2931,,
Result - set4-15 | Simulation Summary #2,Response Rate,Response Generation,Response Rate,20260922T155011_0c2931,,
Result - set4-15 | Simulation Summary #2,Response Rate,value,,20260922T155011_0c2931,,
Result - set4-15 | Simulation Summary #3,Number of Simulations Run,Simulation Parameters,Number of Simulations Run,20260922T155011_0c2931,,
Result - set4-15 | Simulation Summary #3,Number of Simulations Run,value,1002,20260922T155011_0c2931,,
Result - set4-15 | Simulation Summary #3,Random Number Seed,Simulation Parameters,Random Number Seed,20260922T155011_0c2931,,
Result - set4-15 | Simulation Summary #3,Random Number Seed,value,Fixed,20260922T155011_0c2931,,
Result - set4-15 | Simulation Summary #3,Starting Seed,Simulation Parameters,Starting Seed,20260922T155011_0c2931,,
Result - set4-15 | Simulation Summary #3,Starting Seed,value,134,20260922T155011_0c2931,,
Result - set4-15 | Simulation Summary #3,Total Number of Simulations,Simulation Parameters,Total Number of Simulations,20260922T155011_0c2931,,
Result - set4-15 | Simulation Summary #3,Total Number of Simulations,value,1002,20260922T155011_0c2931,,
Result - set4-2 | Early Stopping Boundaries,15,Action,Early Stopping for Low Efficacy,20260922T155011_0c2931,,
Result - set4-2 | Early Stopping Boundaries,15,Boundary,CR ≤ 0 and CR/PR ≤ 1,20260922T155011_0c2931,,
Result - set4-2 | Early Stopping Boundaries,15,Sample Size,15,20260922T155011_0c2931,,
Result - set4-2 | Early Stopping Boundaries,25,Action,Early Stopping for Low Efficacy,20260922T155011_0c2931,,
Result - set4-2 | Early Stopping Boundaries,25,Boundary,CR ≤ 1 and CR/PR ≤ 3,20260922T155011_0c2931,,
Result - set4-2 | Early Stopping Boundaries,25,Sample Size,25,20260922T155011_0c2931,,
Result - set4-2 | Early Stopping Boundaries,35,Action,Early Stopping for Low Efficacy,20260922T155011_0c2931,,
Result - set4-2 | Early Stopping Boundaries,35,Boundary,CR ≤ 1 and CR/PR ≤ 4,20260922T155011_0c2931,,
Result - set4-2 | Early Stopping Boundaries,35,Sample Size,35,20260922T155011_0c2931,,
Result - set4-2 | Early Stopping Boundaries,45,Action,Early Stopping for Low Efficacy,20260922T155011_0c2931,,
Result - set4-2 | Early Stopping Boundaries,45,Boundary,CR ≤ 2 and CR/PR ≤ 6,20260922T155011_0c2931,,
Result - set4-2 | Early Stopping Boundaries,45,Sample Size,45,20260922T155011_0c2931,,
Result - set4-2 | Early Stopping Boundaries,55,Action,Early Stopping for Low Efficacy,20260922T155011_0c2931,,
Result - set4-2 | Early Stopping Boundaries,55,Boundary,CR ≤ 3 and CR/PR ≤ 8,20260922T155011_0c2931,,
Result - set4-2 | Early Stopping Boundaries,55,Sample Size,55,20260922T155011_0c2931,,
Result - set4-2 | Early Stopping Boundaries,65,Action,Early Stopping for Low Efficacy,20260922T155011_0c2931,,
Result - set4-2 | Early Stopping Boundaries,65,Boundary,CR ≤ 3 and CR/PR ≤ 10,20260922T155011_0c2931,,
Result - set4-2 | Early Stopping Boundaries,65,Sample Size,65,20260922T155011_0c2931,,
Result - set4-2 | Early Stopping Boundaries,75,Action,Early Stopping for Low Efficacy,20260922T155011_0c2931,,
Result - set4-2 | Early Stopping Boundaries,75,Boundary,CR ≤ 4 and CR/PR ≤ 12,20260922T155011_0c2931,,
Result - set4-2 | Early Stopping Boundaries,75,Sample Size,75,20260922T155011_0c2931,,
Result - set4-2 | Early Stopping Boundaries,85,Action,Early Stopping for Low Efficacy,20260922T155011_0c2931,,
Result - set4-2 | Early Stopping Boundaries,85,Boundary,CR ≤ 5 and CR/PR ≤ 14,20260922T155011_0c2931,,
Result - set4-2 | Early Stopping Boundaries,85,Sample Size,85,20260922T155011_0c2931,,
Result - set4-2 | Early Stopping Boundaries,95,Action,Early Stopping for Low Efficacy,20260922T155011_0c2931,,
Result - set4-2 | Early Stopping Boundaries,95,Boundary,CR ≤ 6 and CR/PR ≤ 15,20260922T155011_0c2931,,
Result - set4-2 | Early Stopping Boundaries,95,Sample Size,95,20260922T155011_0c2931,,
Result - set4-2 | Frequency of Early Stopping,15,Cumulative Early Stop,0.001,20260922T155011_0c2931,,
Result - set4-2 | Frequency of Early Stopping,15,Early Stop,0.001,20260922T155011_0c2931,,
Result - set4-2 | Frequency of Early Stopping,15,Sample Size,15,20260922T155011_0c2931,,
Result - set4-2 | Frequency of Early Stopping,25,Cumulative Early Stop,0.001,20260922T155011_0c2931,,
Result - set4-2 | Frequency of Early Stopping,25,Early Stop,0,20260922T155011_0c2931,,
Result - set4-2 | Frequency of Early Stopping,25,Sample Size,25,20260922T155011_0c2931,,
Result - set4-2 | Frequency of Early Stopping,35,Cumulative Early Stop,0.001,20260922T155011_0c2931,,
Result - set4-2 | Frequency of Early Stopping,35,Early Stop,0,20260922T155011_0c2931,,
Result - set4-2 | Frequency of Early Stopping,35,Sample Size,35,20260922T155011_0c2931,,
Result - set4-2 | Frequency of Early Stopping,45,Cumulative Early Stop,0.001,20260922T155011_0c2931,,
Result - set4-2 | Frequency of Early Stopping,45,Early Stop,0,20260922T155011_0c2931,,
Result - set4-2 | Frequency of Early Stopping,45,Sample Size,45,20260922T155011_0c2931,,
Result - set4-2 | Frequency of Early Stopping,55,Cumulative Early Stop,0.001,20260922T155011_0c2931,,
Result - set4-2 | Frequency of Early Stopping,55,Early Stop,0,20260922T155011_0c2931,,
Result - set4-2 | Frequency of Early Stopping,55,Sample Size,55,20260922T155011_0c2931,,
Result - set4-2 | Frequency of Early Stopping,65,Cumulative Early Stop,0.001,20260922T155011_0c2931,,
Result - set4-2 | Frequency of Early Stopping,65,Early Stop,0,20260922T155011_0c2931,,
Result - set4-2 | Frequency of Early Stopping,65,Sample Size,65,20260922T155011_0c2931,,
Result - set4-2 | Frequency of Early Stopping,75,Cumulative Early Stop,0.001,20260922T155011_0c2931,,
Result - set4-2 | Frequency of Early Stopping,75,Early Stop,0,20260922T155011_0c2931,,
Result - set4-2 | Frequency of Early Stopping,75,Sample Size,75,20260922T155011_0c2931,,
Result - set4-2 | Frequency of Early Stopping,85,Cumulative Early Stop,0.001,20260922T155011_0c2931,,
Result - set4-2 | Frequency of Early Stopping,85,Early Stop,0,20260922T155011_0c2931,,
Result - set4-2 | Frequency of Early Stopping,85,Sample Size,85,20260922T155011_0c2931,,
Result - set4-2 | Operating Characteristics,0.999,Average Sample Size,94.92,20260922T155011_0c2931,,
Result - set4-2 | Operating Characteristics,0.999,Early Stop,0.001,20260922T155011_0c2931,,
Result - set4-2 | Operating Characteristics,0.999,Positive Trial,0.999,20260922T155011_0c2931,,
Result - set4-2 | Plan #1,Phase,Parameter,Phase,20260922T155011_0c2931,,
Result - set4-2 | Plan #1,Phase,Value,2,20260922T155011_0c2931,,
Result - set4-2 | Plan #1,Study Objective,Parameter,Study Objective,20260922T155011_0c2931,,
Result - set4-2 | Plan #1,Study Objective,Value,One Arm Exploratory / Confirmatory,20260922T155011_0c2931,,
Result - set4-2 | Plan #1,Target Population,Parameter,Target Population,20260922T155011_0c2931,,
Result - set4-2 | Plan #1,Target Population,Value,Adult,20260922T155011_0c2931,,
Result - set4-2 | Plan #1,Treatment Arm,Parameter,Treatment Arm,20260922T155011_0c2931,,
Result - set4-2 | Plan #1,Treatment Arm,Value,EXP,20260922T155011_0c2931,,
Result - set4-2 | Plan #2,Endpoint Name,Parameter,Endpoint Name,20260922T155011_0c2931,,
Result - set4-2 | Plan #2,Endpoint Name,Value,EP1,20260922T155011_0c2931,,
Result - set4-2 | Plan #2,Endpoint Type,Parameter,Endpoint Type,20260922T155011_0c2931,,
Result - set4-2 | Plan #2,Endpoint Type,Value,Categorical,20260922T155011_0c2931,,
Result - set4-2 | Plan #2,Priority,Parameter,Priority,20260922T155011_0c2931,,
Result - set4-2 | Plan #2,Priority,Value,Primary,20260922T155011_0c2931,,
Result - set4-2 | Simulation Summary #1,Number of Analysis,Test,Number of Analysis,20260922T155011_0c2931,,
Result - set4-2 | Simulation Summary #1,Number of Analysis,value,9,20260922T155011_0c2931,,
Result - set4-2 | Simulation Summary #1,Probability(CR),Test,Probability(CR),20260922T155011_0c2931,,
Result - set4-2 | Simulation Summary #1,Probability(CR),Test,Probability(CR),20260922T155011_0c2931,,
Result - set4-2 | Simulation Summary #1,Probability(CR),value,0.0564,20260922T155011_0c2931,,
Result - set4-2 | Simulation Summary #1,Probability(CR),value,0.1896,20260922T155011_0c2931,,
Result - set4-2 | Simulation Summary #1,Probability(PR),Test,Probability(PR),20260922T155011_0c2931,,
Result - set4-2 | Simulation Summary #1,Probability(PR),Test,Probability(PR),20260922T155011_0c2931,,
Result - set4-2 | Simulation Summary #1,Probability(PR),value,0.0985,20260922T155011_0c2931,,
Result - set4-2 | Simulation Summary #1,Probability(PR),value,0.2989,20260922T155011_0c2931,,
Result - set4-2 | Simulation Summary #1,Response Rate (H0),Test,Response Rate (H0),20260922T155011_0c2931,,
Result - set4-2 | Simulation Summary #1,Response Rate (H0),value,,20260922T155011_0c2931,,
Result - set4-2 | Simulation Summary #1,Response Rate (H1),Test,Response Rate (H1),20260922T155011_0c2931,,
Result - set4-2 | Simulation Summary #1,Response Rate (H1),value,,20260922T155011_0c2931,,
Result - set4-2 | Simulation Summary #1,Test Name,Test,Test Name,20260922T155011_0c2931,,
Result - set4-2 | Simulation Summary #1,Test Name,value,BOP2 : Ordinal (Single Arm Bayesian Optimal Design),20260922T155011_0c2931,,
Result - set4-2 | Simulation Summary #1,Type 1 Error (α),Test,Type 1 Error (α),20260922T155011_0c2931,,
Result - set4-2 | Simulation Summary #1,Type 1 Error (α),value,0.29,20260922T155011_0c2931,,
Result - set4-2 | Simulation Summary #2,Probability(CR),Response Generation,Probability(CR),20260922T155011_0c2931,,
Result - set4-2 | Simulation Summary #2,Probability(CR),value,0.1896,20260922T155011_0c2931,,
Result - set4-2 | Simulation Summary #2,Probability(PR),Response Generation,Probability(PR),20260922T155011_0c2931,,
Result - set4-2 | Simulation Summary #2,Probability(PR),value,0.2989,20260922T155011_0c2931,,
Result - set4-2 | Simulation Summary #2,Response Rate,Response Generation,Response Rate,20260922T155011_0c2931,,
Result - set4-2 | Simulation Summary #2,Response Rate,value,,20260922T155011_0c2931,,
Result - set4-2 | Simulation Summary #3,Number of Simulations Run,Simulation Parameters,Number of Simulations Run,20260922T155011_0c2931,,
Result - set4-2 | Simulation Summary #3,Number of Simulations Run,value,1002,20260922T155011_0c2931,,
Result - set4-2 | Simulation Summary #3,Random Number Seed,Simulation Parameters,Random Number Seed,20260922T155011_0c2931,,
Result - set4-2 | Simulation Summary #3,Random Number Seed,value,Fixed,20260922T155011_0c2931,,
Result - set4-2 | Simulation Summary #3,Starting Seed,Simulation Parameters,Starting Seed,20260922T155011_0c2931,,
Result - set4-2 | Simulation Summary #3,Starting Seed,value,134,20260922T155011_0c2931,,
Result - set4-2 | Simulation Summary #3,Total Number of Simulations,Simulation Parameters,Total Number of Simulations,20260922T155011_0c2931,,
Result - set4-2 | Simulation Summary #3,Total Number of Simulations,value,1002,20260922T155011_0c2931,,
Result - set4-3 | Early Stopping Boundaries,15,Action,Early Stopping for Low Efficacy,20260922T155011_0c2931,,
Result - set4-3 | Early Stopping Boundaries,15,Boundary,CR ≤ 0 and CR/PR ≤ 1,20260922T155011_0c2931,,
Result - set4-3 | Early Stopping Boundaries,15,Sample Size,15,20260922T155011_0c2931,,
Result - set4-3 | Early Stopping Boundaries,25,Action,Early Stopping for Low Efficacy,20260922T155011_0c2931,,
Result - set4-3 | Early Stopping Boundaries,25,Boundary,CR ≤ 1 and CR/PR ≤ 3,20260922T155011_0c2931,,
Result - set4-3 | Early Stopping Boundaries,25,Sample Size,25,20260922T155011_0c2931,,
Result - set4-3 | Early Stopping Boundaries,35,Action,Early Stopping for Low Efficacy,20260922T155011_0c2931,,
Result - set4-3 | Early Stopping Boundaries,35,Boundary,CR ≤ 1 and CR/PR ≤ 4,20260922T155011_0c2931,,
Result - set4-3 | Early Stopping Boundaries,35,Sample Size,35,20260922T155011_0c2931,,
Result - set4-3 | Early Stopping Boundaries,45,Action,Early Stopping for Low Efficacy,20260922T155011_0c2931,,
Result - set4-3 | Early Stopping Boundaries,45,Boundary,CR ≤ 2 and CR/PR ≤ 6,20260922T155011_0c2931,,
Result - set4-3 | Early Stopping Boundaries,45,Sample Size,45,20260922T155011_0c2931,,
Result - set4-3 | Early Stopping Boundaries,55,Action,Early Stopping for Low Efficacy,20260922T155011_0c2931,,
Result - set4-3 | Early Stopping Boundaries,55,Boundary,CR ≤ 3 and CR/PR ≤ 8,20260922T155011_0c2931,,
Result - set4-3 | Early Stopping Boundaries,55,Sample Size,55,20260922T155011_0c2931,,
Result - set4-3 | Early Stopping Boundaries,65,Action,Early Stopping for Low Efficacy,20260922T155011_0c2931,,
Result - set4-3 | Early Stopping Boundaries,65,Boundary,CR ≤ 3 and CR/PR ≤ 10,20260922T155011_0c2931,,
Result - set4-3 | Early Stopping Boundaries,65,Sample Size,65,20260922T155011_0c2931,,
Result - set4-3 | Early Stopping Boundaries,75,Action,Early Stopping for Low Efficacy,20260922T155011_0c2931,,
Result - set4-3 | Early Stopping Boundaries,75,Boundary,CR ≤ 4 and CR/PR ≤ 12,20260922T155011_0c2931,,
Result - set4-3 | Early Stopping Boundaries,75,Sample Size,75,20260922T155011_0c2931,,
Result - set4-3 | Early Stopping Boundaries,85,Action,Early Stopping for Low Efficacy,20260922T155011_0c2931,,
Result - set4-3 | Early Stopping Boundaries,85,Boundary,CR ≤ 5 and CR/PR ≤ 14,20260922T155011_0c2931,,
Result - set4-3 | Early Stopping Boundaries,85,Sample Size,85,20260922T155011_0c2931,,
Result - set4-3 | Early Stopping Boundaries,95,Action,Early Stopping for Low Efficacy,20260922T155011_0c2931,,
Result - set4-3 | Early Stopping Boundaries,95,Boundary,CR ≤ 6 and CR/PR ≤ 15,20260922T155011_0c2931,,
Result - set4-3 | Early Stopping Boundaries,95,Sample Size,95,20260922T155011_0c2931,,
Result - set4-3 | Frequency of Early Stopping,15,Cumulative Early Stop,0.018,20260922T155011_0c2931,,
Result - set4-3 | Frequency of Early Stopping,15,Early Stop,0.018,20260922T155011_0c2931,,
Result - set4-3 | Frequency of Early Stopping,15,Sample Size,15,20260922T155011_0c2931,,
Result - set4-3 | Frequency of Early Stopping,25,Cumulative Early Stop,0.038,20260922T155011_0c2931,,
Result - set4-3 | Frequency of Early Stopping,25,Early Stop,0.02,20260922T155011_0c2931,,
Result - set4-3 | Frequency of Early Stopping,25,Sample Size,25,20260922T155011_0c2931,,
Result - set4-3 | Frequency of Early Stopping,35,Cumulative Early Stop,0.04,20260922T155011_0c2931,,
Result - set4-3 | Frequency of Early Stopping,35,Early Stop,0.002,20260922T155011_0c2931,,
Result - set4-3 | Frequency of Early Stopping,35,Sample Size,35,20260922T155011_0c2931,,
Result - set4-3 | Frequency of Early Stopping,45,Cumulative Early Stop,0.04,20260922T155011_0c2931,,
Result - set4-3 | Frequency of Early Stopping,45,Early Stop,0,20260922T155011_0c2931,,
Result - set4-3 | Frequency of Early Stopping,45,Sample Size,45,20260922T155011_0c2931,,
Result - set4-3 | Frequency of Early Stopping,55,Cumulative Early Stop,0.041,20260922T155011_0c2931,,
Result - set4-3 | Frequency of Early Stopping,55,Early Stop,0.001,20260922T155011_0c2931,,
Result - set4-3 | Frequency of Early Stopping,55,Sample Size,55,20260922T155011_0c2931,,
Result - set4-3 | Frequency of Early Stopping,65,Cumulative Early Stop,0.041,20260922T155011_0c2931,,
Result - set4-3 | Frequency of Early Stopping,65,Early Stop,0,20260922T155011_0c2931,,
Result - set4-3 | Frequency of Early Stopping,65,Sample Size,65,20260922T155011_0c2931,,
Result - set4-3 | Frequency of Early Stopping,75,Cumulative Early Stop,0.041,20260922T155011_0c2931,,
Result - set4-3 | Frequency of Early Stopping,75,Early Stop,0,20260922T155011_0c2931,,
Result - set4-3 | Frequency of Early Stopping,75,Sample Size,75,20260922T155011_0c2931,,
Result - set4-3 | Frequency of Early Stopping,85,Cumulative Early Stop,0.041,20260922T155011_0c2931,,
Result - set4-3 | Frequency of Early Stopping,85,Early Stop,0,20260922T155011_0c2931,,
Result - set4-3 | Frequency of Early Stopping,85,Sample Size,85,20260922T155011_0c2931,,
Result - set4-3 | Operating Characteristics,0.959,Average Sample Size,92.006,20260922T155011_0c2931,,
Result - set4-3 | Operating Characteristics,0.959,Early Stop,0.041,20260922T155011_0c2931,,
Result - set4-3 | Operating Characteristics,0.959,Positive Trial,0.959,20260922T155011_0c2931,,
Result - set4-3 | Plan #1,Phase,Parameter,Phase,20260922T155011_0c2931,,
Result - set4-3 | Plan #1,Phase,Value,2,20260922T155011_0c2931,,
Result - set4-3 | Plan #1,Study Objective,Parameter,Study Objective,20260922T155011_0c2931,,
Result - set4-3 | Plan #1,Study Objective,Value,One Arm Exploratory / Confirmatory,20260922T155011_0c2931,,
Result - set4-3 | Plan #1,Target Population,Parameter,Target Population,20260922T155011_0c2931,,
Result - set4-3 | Plan #1,Target Population,Value,Adult,20260922T155011_0c2931,,
Result - set4-3 | Plan #1,Treatment Arm,Parameter,Treatment Arm,20260922T155011_0c2931,,
Result - set4-3 | Plan #1,Treatment Arm,Value,EXP,20260922T155011_0c2931,,
Result - set4-3 | Plan #2,Endpoint Name,Parameter,Endpoint Name,20260922T155011_0c2931,,
Result - set4-3 | Plan #2,Endpoint Name,Value,EP1,20260922T155011_0c2931,,
Result - set4-3 | Plan #2,Endpoint Type,Parameter,Endpoint Type,20260922T155011_0c2931,,
Result - set4-3 | Plan #2,Endpoint Type,Value,Categorical,20260922T155011_0c2931,,
Result - set4-3 | Plan #2,Priority,Parameter,Priority,20260922T155011_0c2931,,
Result - set4-3 | Plan #2,Priority,Value,Primary,20260922T155011_0c2931,,
Result - set4-3 | Simulation Summary #1,Number of Analysis,Test,Number of Analysis,20260922T155011_0c2931,,
Result - set4-3 | Simulation Summary #1,Number of Analysis,value,9,20260922T155011_0c2931,,
Result - set4-3 | Simulation Summary #1,Probability(CR),Test,Probability(CR),20260922T155011_0c2931,,
Result - set4-3 | Simulation Summary #1,Probability(CR),Test,Probability(CR),20260922T155011_0c2931,,
Result - set4-3 | Simulation Summary #1,Probability(CR),value,0.0564,20260922T155011_0c2931,,
Result - set4-3 | Simulation Summary #1,Probability(CR),value,0.1896,20260922T155011_0c2931,,
Result - set4-3 | Simulation Summary #1,Probability(PR),Test,Probability(PR),20260922T155011_0c2931,,
Result - set4-3 | Simulation Summary #1,Probability(PR),Test,Probability(PR),20260922T155011_0c2931,,
Result - set4-3 | Simulation Summary #1,Probability(PR),value,0.0985,20260922T155011_0c2931,,
Result - set4-3 | Simulation Summary #1,Probability(PR),value,0.2989,20260922T155011_0c2931,,
Result - set4-3 | Simulation Summary #1,Response Rate (H0),Test,Response Rate (H0),20260922T155011_0c2931,,
Result - set4-3 | Simulation Summary #1,Response Rate (H0),value,,20260922T155011_0c2931,,
Result - set4-3 | Simulation Summary #1,Response Rate (H1),Test,Response Rate (H1),20260922T155011_0c2931,,
Result - set4-3 | Simulation Summary #1,Response Rate (H1),value,,20260922T155011_0c2931,,
Result - set4-3 | Simulation Summary #1,Test Name,Test,Test Name,20260922T155011_0c2931,,
Result - set4-3 | Simulation Summary #1,Test Name,value,BOP2 : Ordinal (Single Arm Bayesian Optimal Design),20260922T155011_0c2931,,
Result - set4-3 | Simulation Summary #1,Type 1 Error (α),Test,Type 1 Error (α),20260922T155011_0c2931,,
Result - set4-3 | Simulation Summary #1,Type 1 Error (α),value,0.29,20260922T155011_0c2931,,
Result - set4-3 | Simulation Summary #2,Probability(CR),Response Generation,Probability(CR),20260922T155011_0c2931,,
Result - set4-3 | Simulation Summary #2,Probability(CR),value,0.1565,20260922T155011_0c2931,,
Result - set4-3 | Simulation Summary #2,Probability(PR),Response Generation,Probability(PR),20260922T155011_0c2931,,
Result - set4-3 | Simulation Summary #2,Probability(PR),value,0.1369,20260922T155011_0c2931,,
Result - set4-3 | Simulation Summary #2,Response Rate,Response Generation,Response Rate,20260922T155011_0c2931,,
Result - set4-3 | Simulation Summary #2,Response Rate,value,,20260922T155011_0c2931,,
Result - set4-3 | Simulation Summary #3,Number of Simulations Run,Simulation Parameters,Number of Simulations Run,20260922T155011_0c2931,,
Result - set4-3 | Simulation Summary #3,Number of Simulations Run,value,1002,20260922T155011_0c2931,,
Result - set4-3 | Simulation Summary #3,Random Number Seed,Simulation Parameters,Random Number Seed,20260922T155011_0c2931,,
Result - set4-3 | Simulation Summary #3,Random Number Seed,value,Fixed,20260922T155011_0c2931,,
Result - set4-3 | Simulation Summary #3,Starting Seed,Simulation Parameters,Starting Seed,20260922T155011_0c2931,,
Result - set4-3 | Simulation Summary #3,Starting Seed,value,134,20260922T155011_0c2931,,
Result - set4-3 | Simulation Summary #3,Total Number of Simulations,Simulation Parameters,Total Number of Simulations,20260922T155011_0c2931,,
Result - set4-3 | Simulation Summary #3,Total Number of Simulations,value,1002,20260922T155011_0c2931,,
Result - set4-4 | Early Stopping Boundaries,15,Action,Early Stopping for Low Efficacy,20260922T155011_0c2931,,
Result - set4-4 | Early Stopping Boundaries,15,Boundary,CR ≤ 0 and CR/PR ≤ 1,20260922T155011_0c2931,,
Result - set4-4 | Early Stopping Boundaries,15,Sample Size,15,20260922T155011_0c2931,,
Result - set4-4 | Early Stopping Boundaries,25,Action,Early Stopping for Low Efficacy,20260922T155011_0c2931,,
Result - set4-4 | Early Stopping Boundaries,25,Boundary,CR ≤ 1 and CR/PR ≤ 3,20260922T155011_0c2931,,
Result - set4-4 | Early Stopping Boundaries,25,Sample Size,25,20260922T155011_0c2931,,
Result - set4-4 | Early Stopping Boundaries,35,Action,Early Stopping for Low Efficacy,20260922T155011_0c2931,,
Result - set4-4 | Early Stopping Boundaries,35,Boundary,CR ≤ 1 and CR/PR ≤ 4,20260922T155011_0c2931,,
Result - set4-4 | Early Stopping Boundaries,35,Sample Size,35,20260922T155011_0c2931,,
Result - set4-4 | Early Stopping Boundaries,45,Action,Early Stopping for Low Efficacy,20260922T155011_0c2931,,
Result - set4-4 | Early Stopping Boundaries,45,Boundary,CR ≤ 2 and CR/PR ≤ 6,20260922T155011_0c2931,,
Result - set4-4 | Early Stopping Boundaries,45,Sample Size,45,20260922T155011_0c2931,,
Result - set4-4 | Early Stopping Boundaries,55,Action,Early Stopping for Low Efficacy,20260922T155011_0c2931,,
Result - set4-4 | Early Stopping Boundaries,55,Boundary,CR ≤ 3 and CR/PR ≤ 8,20260922T155011_0c2931,,
Result - set4-4 | Early Stopping Boundaries,55,Sample Size,55,20260922T155011_0c2931,,
Result - set4-4 | Early Stopping Boundaries,65,Action,Early Stopping for Low Efficacy,20260922T155011_0c2931,,
Result - set4-4 | Early Stopping Boundaries,65,Boundary,CR ≤ 3 and CR/PR ≤ 10,20260922T155011_0c2931,,
Result - set4-4 | Early Stopping Boundaries,65,Sample Size,65,20260922T155011_0c2931,,
Result - set4-4 | Early Stopping Boundaries,75,Action,Early Stopping for Low Efficacy,20260922T155011_0c2931,,
Result - set4-4 | Early Stopping Boundaries,75,Boundary,CR ≤ 4 and CR/PR ≤ 12,20260922T155011_0c2931,,
Result - set4-4 | Early Stopping Boundaries,75,Sample Size,75,20260922T155011_0c2931,,
Result - set4-4 | Early Stopping Boundaries,85,Action,Early Stopping for Low Efficacy,20260922T155011_0c2931,,
Result - set4-4 | Early Stopping Boundaries,85,Boundary,CR ≤ 5 and CR/PR ≤ 14,20260922T155011_0c2931,,
Result - set4-4 | Early Stopping Boundaries,85,Sample Size,85,20260922T155011_0c2931,,
Result - set4-4 | Early Stopping Boundaries,95,Action,Early Stopping for Low Efficacy,20260922T155011_0c2931,,
Result - set4-4 | Early Stopping Boundaries,95,Boundary,CR ≤ 6 and CR/PR ≤ 15,20260922T155011_0c2931,,
Result - set4-4 | Early Stopping Boundaries,95,Sample Size,95,20260922T155011_0c2931,,
Result - set4-4 | Frequency of Early Stopping,15,Cumulative Early Stop,0.001,20260922T155011_0c2931,,
Result - set4-4 | Frequency of Early Stopping,15,Early Stop,0.001,20260922T155011_0c2931,,
Result - set4-4 | Frequency of Early Stopping,15,Sample Size,15,20260922T155011_0c2931,,
Result - set4-4 | Frequency of Early Stopping,25,Cumulative Early Stop,0.001,20260922T155011_0c2931,,
Result - set4-4 | Frequency of Early Stopping,25,Early Stop,0,20260922T155011_0c2931,,
Result - set4-4 | Frequency of Early Stopping,25,Sample Size,25,20260922T155011_0c2931,,
Result - set4-4 | Frequency of Early Stopping,35,Cumulative Early Stop,0.001,20260922T155011_0c2931,,
Result - set4-4 | Frequency of Early Stopping,35,Early Stop,0,20260922T155011_0c2931,,
Result - set4-4 | Frequency of Early Stopping,35,Sample Size,35,20260922T155011_0c2931,,
Result - set4-4 | Frequency of Early Stopping,45,Cumulative Early Stop,0.001,20260922T155011_0c2931,,
Result - set4-4 | Frequency of Early Stopping,45,Early Stop,0,20260922T155011_0c2931,,
Result - set4-4 | Frequency of Early Stopping,45,Sample Size,45,20260922T155011_0c2931,,
Result - set4-4 | Frequency of Early Stopping,55,Cumulative Early Stop,0.001,20260922T155011_0c2931,,
Result - set4-4 | Frequency of Early Stopping,55,Early Stop,0,20260922T155011_0c2931,,
Result - set4-4 | Frequency of Early Stopping,55,Sample Size,55,20260922T155011_0c2931,,
Result - set4-4 | Frequency of Early Stopping,65,Cumulative Early Stop,0.001,20260922T155011_0c2931,,
Result - set4-4 | Frequency of Early Stopping,65,Early Stop,0,20260922T155011_0c2931,,
Result - set4-4 | Frequency of Early Stopping,65,Sample Size,65,20260922T155011_0c2931,,
Result - set4-4 | Frequency of Early Stopping,75,Cumulative Early Stop,0.001,20260922T155011_0c2931,,
Result - set4-4 | Frequency of Early Stopping,75,Early Stop,0,20260922T155011_0c2931,,
Result - set4-4 | Frequency of Early Stopping,75,Sample Size,75,20260922T155011_0c2931,,
Result - set4-4 | Frequency of Early Stopping,85,Cumulative Early Stop,0.001,20260922T155011_0c2931,,
Result - set4-4 | Frequency of Early Stopping,85,Early Stop,0,20260922T155011_0c2931,,
Result - set4-4 | Frequency of Early Stopping,85,Sample Size,85,20260922T155011_0c2931,,
Result - set4-4 | Operating Characteristics,0.999,Average Sample Size,94.92,20260922T155011_0c2931,,
Result - set4-4 | Operating Characteristics,0.999,Early Stop,0.001,20260922T155011_0c2931,,
Result - set4-4 | Operating Characteristics,0.999,Positive Trial,0.999,20260922T155011_0c2931,,
Result - set4-4 | Plan #1,Phase,Parameter,Phase,20260922T155011_0c2931,,
Result - set4-4 | Plan #1,Phase,Value,2,20260922T155011_0c2931,,
Result - set4-4 | Plan #1,Study Objective,Parameter,Study Objective,20260922T155011_0c2931,,
Result - set4-4 | Plan #1,Study Objective,Value,One Arm Exploratory / Confirmatory,20260922T155011_0c2931,,
Result - set4-4 | Plan #1,Target Population,Parameter,Target Population,20260922T155011_0c2931,,
Result - set4-4 | Plan #1,Target Population,Value,Adult,20260922T155011_0c2931,,
Result - set4-4 | Plan #1,Treatment Arm,Parameter,Treatment Arm,20260922T155011_0c2931,,
Result - set4-4 | Plan #1,Treatment Arm,Value,EXP,20260922T155011_0c2931,,
Result - set4-4 | Plan #2,Endpoint Name,Parameter,Endpoint Name,20260922T155011_0c2931,,
Result - set4-4 | Plan #2,Endpoint Name,Value,EP1,20260922T155011_0c2931,,
Result - set4-4 | Plan #2,Endpoint Type,Parameter,Endpoint Type,20260922T155011_0c2931,,
Result - set4-4 | Plan #2,Endpoint Type,Value,Categorical,20260922T155011_0c2931,,
Result - set4-4 | Plan #2,Priority,Parameter,Priority,20260922T155011_0c2931,,
Result - set4-4 | Plan #2,Priority,Value,Primary,20260922T155011_0c2931,,
Result - set4-4 | Simulation Summary #1,Number of Analysis,Test,Number of Analysis,20260922T155011_0c2931,,
Result - set4-4 | Simulation Summary #1,Number of Analysis,value,9,20260922T155011_0c2931,,
Result - set4-4 | Simulation Summary #1,Probability(CR),Test,Probability(CR),20260922T155011_0c2931,,
Result - set4-4 | Simulation Summary #1,Probability(CR),Test,Probability(CR),20260922T155011_0c2931,,
Result - set4-4 | Simulation Summary #1,Probability(CR),value,0.0564,20260922T155011_0c2931,,
Result - set4-4 | Simulation Summary #1,Probability(CR),value,0.1896,20260922T155011_0c2931,,
Result - set4-4 | Simulation Summary #1,Probability(PR),Test,Probability(PR),20260922T155011_0c2931,,
Result - set4-4 | Simulation Summary #1,Probability(PR),Test,Probability(PR),20260922T155011_0c2931,,
Result - set4-4 | Simulation Summary #1,Probability(PR),value,0.0985,20260922T155011_0c2931,,
Result - set4-4 | Simulation Summary #1,Probability(PR),value,0.2989,20260922T155011_0c2931,,
Result - set4-4 | Simulation Summary #1,Response Rate (H0),Test,Response Rate (H0),20260922T155011_0c2931,,
Result - set4-4 | Simulation Summary #1,Response Rate (H0),value,,20260922T155011_0c2931,,
Result - set4-4 | Simulation Summary #1,Response Rate (H1),Test,Response Rate (H1),20260922T155011_0c2931,,
Result - set4-4 | Simulation Summary #1,Response Rate (H1),value,,20260922T155011_0c2931,,
Result - set4-4 | Simulation Summary #1,Test Name,Test,Test Name,20260922T155011_0c2931,,
Result - set4-4 | Simulation Summary #1,Test Name,value,BOP2 : Ordinal (Single Arm Bayesian Optimal Design),20260922T155011_0c2931,,
Result - set4-4 | Simulation Summary #1,Type 1 Error (α),Test,Type 1 Error (α),20260922T155011_0c2931,,
Result - set4-4 | Simulation Summary #1,Type 1 Error (α),value,0.29,20260922T155011_0c2931,,
Result - set4-4 | Simulation Summary #2,Probability(CR),Response Generation,Probability(CR),20260922T155011_0c2931,,
Result - set4-4 | Simulation Summary #2,Probability(CR),value,0.2987,20260922T155011_0c2931,,
Result - set4-4 | Simulation Summary #2,Probability(PR),Response Generation,Probability(PR),20260922T155011_0c2931,,
Result - set4-4 | Simulation Summary #2,Probability(PR),value,0.212,20260922T155011_0c2931,,
Result - set4-4 | Simulation Summary #2,Response Rate,Response Generation,Response Rate,20260922T155011_0c2931,,
Result - set4-4 | Simulation Summary #2,Response Rate,value,,20260922T155011_0c2931,,
Result - set4-4 | Simulation Summary #3,Number of Simulations Run,Simulation Parameters,Number of Simulations Run,20260922T155011_0c2931,,
Result - set4-4 | Simulation Summary #3,Number of Simulations Run,value,1002,20260922T155011_0c2931,,
Result - set4-4 | Simulation Summary #3,Random Number Seed,Simulation Parameters,Random Number Seed,20260922T155011_0c2931,,
Result - set4-4 | Simulation Summary #3,Random Number Seed,value,Fixed,20260922T155011_0c2931,,
Result - set4-4 | Simulation Summary #3,Starting Seed,Simulation Parameters,Starting Seed,20260922T155011_0c2931,,
Result - set4-4 | Simulation Summary #3,Starting Seed,value,134,20260922T155011_0c2931,,
Result - set4-4 | Simulation Summary #3,Total Number of Simulations,Simulation Parameters,Total Number of Simulations,20260922T155011_0c2931,,
Result - set4-4 | Simulation Summary #3,Total Number of Simulations,value,1002,20260922T155011_0c2931,,
Result - set4-5 | Early Stopping Boundaries,15,Action,Early Stopping for Low Efficacy,20260922T155011_0c2931,,
Result - set4-5 | Early Stopping Boundaries,15,Boundary,CR ≤ 0 and CR/PR ≤ 1,20260922T155011_0c2931,,
Result - set4-5 | Early Stopping Boundaries,15,Sample Size,15,20260922T155011_0c2931,,
Result - set4-5 | Early Stopping Boundaries,25,Action,Early Stopping for Low Efficacy,20260922T155011_0c2931,,
Result - set4-5 | Early Stopping Boundaries,25,Boundary,CR ≤ 1 and CR/PR ≤ 3,20260922T155011_0c2931,,
Result - set4-5 | Early Stopping Boundaries,25,Sample Size,25,20260922T155011_0c2931,,
Result - set4-5 | Early Stopping Boundaries,35,Action,Early Stopping for Low Efficacy,20260922T155011_0c2931,,
Result - set4-5 | Early Stopping Boundaries,35,Boundary,CR ≤ 1 and CR/PR ≤ 4,20260922T155011_0c2931,,
Result - set4-5 | Early Stopping Boundaries,35,Sample Size,35,20260922T155011_0c2931,,
Result - set4-5 | Early Stopping Boundaries,45,Action,Early Stopping for Low Efficacy,20260922T155011_0c2931,,
Result - set4-5 | Early Stopping Boundaries,45,Boundary,CR ≤ 2 and CR/PR ≤ 6,20260922T155011_0c2931,,
Result - set4-5 | Early Stopping Boundaries,45,Sample Size,45,20260922T155011_0c2931,,
Result - set4-5 | Early Stopping Boundaries,55,Action,Early Stopping for Low Efficacy,20260922T155011_0c2931,,
Result - set4-5 | Early Stopping Boundaries,55,Boundary,CR ≤ 3 and CR/PR ≤ 8,20260922T155011_0c2931,,
Result - set4-5 | Early Stopping Boundaries,55,Sample Size,55,20260922T155011_0c2931,,
Result - set4-5 | Early Stopping Boundaries,65,Action,Early Stopping for Low Efficacy,20260922T155011_0c2931,,
Result - set4-5 | Early Stopping Boundaries,65,Boundary,CR ≤ 3 and CR/PR ≤ 10,20260922T155011_0c2931,,
Result - set4-5 | Early Stopping Boundaries,65,Sample Size,65,20260922T155011_0c2931,,
Result - set4-5 | Early Stopping Boundaries,75,Action,Early Stopping for Low Efficacy,20260922T155011_0c2931,,
Result - set4-5 | Early Stopping Boundaries,75,Boundary,CR ≤ 4 and CR/PR ≤ 12,20260922T155011_0c2931,,
Result - set4-5 | Early Stopping Boundaries,75,Sample Size,75,20260922T155011_0c2931,,
Result - set4-5 | Early Stopping Boundaries,85,Action,Early Stopping for Low Efficacy,20260922T155011_0c2931,,
Result - set4-5 | Early Stopping Boundaries,85,Boundary,CR ≤ 5 and CR/PR ≤ 14,20260922T155011_0c2931,,
Result - set4-5 | Early Stopping Boundaries,85,Sample Size,85,20260922T155011_0c2931,,
Result - set4-5 | Early Stopping Boundaries,95,Action,Early Stopping for Low Efficacy,20260922T155011_0c2931,,
Result - set4-5 | Early Stopping Boundaries,95,Boundary,CR ≤ 6 and CR/PR ≤ 15,20260922T155011_0c2931,,
Result - set4-5 | Early Stopping Boundaries,95,Sample Size,95,20260922T155011_0c2931,,
Result - set4-5 | Frequency of Early Stopping,15,Cumulative Early Stop,0.001,20260922T155011_0c2931,,
Result - set4-5 | Frequency of Early Stopping,15,Early Stop,0.001,20260922T155011_0c2931,,
Result - set4-5 | Frequency of Early Stopping,15,Sample Size,15,20260922T155011_0c2931,,
Result - set4-5 | Frequency of Early Stopping,25,Cumulative Early Stop,0.001,20260922T155011_0c2931,,
Result - set4-5 | Frequency of Early Stopping,25,Early Stop,0,20260922T155011_0c2931,,
Result - set4-5 | Frequency of Early Stopping,25,Sample Size,25,20260922T155011_0c2931,,
Result - set4-5 | Frequency of Early Stopping,35,Cumulative Early Stop,0.001,20260922T155011_0c2931,,
Result - set4-5 | Frequency of Early Stopping,35,Early Stop,0,20260922T155011_0c2931,,
Result - set4-5 | Frequency of Early Stopping,35,Sample Size,35,20260922T155011_0c2931,,
Result - set4-5 | Frequency of Early Stopping,45,Cumulative Early Stop,0.001,20260922T155011_0c2931,,
Result - set4-5 | Frequency of Early Stopping,45,Early Stop,0,20260922T155011_0c2931,,
Result - set4-5 | Frequency of Early Stopping,45,Sample Size,45,20260922T155011_0c2931,,
Result - set4-5 | Frequency of Early Stopping,55,Cumulative Early Stop,0.001,20260922T155011_0c2931,,
Result - set4-5 | Frequency of Early Stopping,55,Early Stop,0,20260922T155011_0c2931,,
Result - set4-5 | Frequency of Early Stopping,55,Sample Size,55,20260922T155011_0c2931,,
Result - set4-5 | Frequency of Early Stopping,65,Cumulative Early Stop,0.001,20260922T155011_0c2931,,
Result - set4-5 | Frequency of Early Stopping,65,Early Stop,0,20260922T155011_0c2931,,
Result - set4-5 | Frequency of Early Stopping,65,Sample Size,65,20260922T155011_0c2931,,
Result - set4-5 | Frequency of Early Stopping,75,Cumulative Early Stop,0.001,20260922T155011_0c2931,,
Result - set4-5 | Frequency of Early Stopping,75,Early Stop,0,20260922T155011_0c2931,,
Result - set4-5 | Frequency of Early Stopping,75,Sample Size,75,20260922T155011_0c2931,,
Result - set4-5 | Frequency of Early Stopping,85,Cumulative Early Stop,0.001,20260922T155011_0c2931,,
Result - set4-5 | Frequency of Early Stopping,85,Early Stop,0,20260922T155011_0c2931,,
Result - set4-5 | Frequency of Early Stopping,85,Sample Size,85,20260922T155011_0c2931,,
Result - set4-5 | Operating Characteristics,0.999,Average Sample Size,94.92,20260922T155011_0c2931,,
Result - set4-5 | Operating Characteristics,0.999,Early Stop,0.001,20260922T155011_0c2931,,
Result - set4-5 | Operating Characteristics,0.999,Positive Trial,0.999,20260922T155011_0c2931,,
Result - set4-5 | Plan #1,Phase,Parameter,Phase,20260922T155011_0c2931,,
Result - set4-5 | Plan #1,Phase,Value,2,20260922T155011_0c2931,,
Result - set4-5 | Plan #1,Study Objective,Parameter,Study Objective,20260922T155011_0c2931,,
Result - set4-5 | Plan #1,Study Objective,Value,One Arm Exploratory / Confirmatory,20260922T155011_0c2931,,
Result - set4-5 | Plan #1,Target Population,Parameter,Target Population,20260922T155011_0c2931,,
Result - set4-5 | Plan #1,Target Population,Value,Adult,20260922T155011_0c2931,,
Result - set4-5 | Plan #1,Treatment Arm,Parameter,Treatment Arm,20260922T155011_0c2931,,
Result - set4-5 | Plan #1,Treatment Arm,Value,EXP,20260922T155011_0c2931,,
Result - set4-5 | Plan #2,Endpoint Name,Parameter,Endpoint Name,20260922T155011_0c2931,,
Result - set4-5 | Plan #2,Endpoint Name,Value,EP1,20260922T155011_0c2931,,
Result - set4-5 | Plan #2,Endpoint Type,Parameter,Endpoint Type,20260922T155011_0c2931,,
Result - set4-5 | Plan #2,Endpoint Type,Value,Categorical,20260922T155011_0c2931,,
Result - set4-5 | Plan #2,Priority,Parameter,Priority,20260922T155011_0c2931,,
Result - set4-5 | Plan #2,Priority,Value,Primary,20260922T155011_0c2931,,
Result - set4-5 | Simulation Summary #1,Number of Analysis,Test,Number of Analysis,20260922T155011_0c2931,,
Result - set4-5 | Simulation Summary #1,Number of Analysis,value,9,20260922T155011_0c2931,,
Result - set4-5 | Simulation Summary #1,Probability(CR),Test,Probability(CR),20260922T155011_0c2931,,
Result - set4-5 | Simulation Summary #1,Probability(CR),Test,Probability(CR),20260922T155011_0c2931,,
Result - set4-5 | Simulation Summary #1,Probability(CR),value,0.0564,20260922T155011_0c2931,,
Result - set4-5 | Simulation Summary #1,Probability(CR),value,0.1896,20260922T155011_0c2931,,
Result - set4-5 | Simulation Summary #1,Probability(PR),Test,Probability(PR),20260922T155011_0c2931,,
Result - set4-5 | Simulation Summary #1,Probability(PR),Test,Probability(PR),20260922T155011_0c2931,,
Result - set4-5 | Simulation Summary #1,Probability(PR),value,0.0985,20260922T155011_0c2931,,
Result - set4-5 | Simulation Summary #1,Probability(PR),value,0.2989,20260922T155011_0c2931,,
Result - set4-5 | Simulation Summary #1,Response Rate (H0),Test,Response Rate (H0),20260922T155011_0c2931,,
Result - set4-5 | Simulation Summary #1,Response Rate (H0),value,,20260922T155011_0c2931,,
Result - set4-5 | Simulation Summary #1,Response Rate (H1),Test,Response Rate (H1),20260922T155011_0c2931,,
Result - set4-5 | Simulation Summary #1,Response Rate (H1),value,,20260922T155011_0c2931,,
Result - set4-5 | Simulation Summary #1,Test Name,Test,Test Name,20260922T155011_0c2931,,
Result - set4-5 | Simulation Summary #1,Test Name,value,BOP2 : Ordinal (Single Arm Bayesian Optimal Design),20260922T155011_0c2931,,
Result - set4-5 | Simulation Summary #1,Type 1 Error (α),Test,Type 1 Error (α),20260922T155011_0c2931,,
Result - set4-5 | Simulation Summary #1,Type 1 Error (α),value,0.29,20260922T155011_0c2931,,
Result - set4-5 | Simulation Summary #2,Probability(CR),Response Generation,Probability(CR),20260922T155011_0c2931,,
Result - set4-5 | Simulation Summary #2,Probability(CR),value,0.214,20260922T155011_0c2931,,
Result - set4-5 | Simulation Summary #2,Probability(PR),Response Generation,Probability(PR),20260922T155011_0c2931,,
Result - set4-5 | Simulation Summary #2,Probability(PR),value,0.215,20260922T155011_0c2931,,
Result - set4-5 | Simulation Summary #2,Response Rate,Response Generation,Response Rate,20260922T155011_0c2931,,
Result - set4-5 | Simulation Summary #2,Response Rate,value,,20260922T155011_0c2931,,
Result - set4-5 | Simulation Summary #3,Number of Simulations Run,Simulation Parameters,Number of Simulations Run,20260922T155011_0c2931,,
Result - set4-5 | Simulation Summary #3,Number of Simulations Run,value,1002,20260922T155011_0c2931,,
Result - set4-5 | Simulation Summary #3,Random Number Seed,Simulation Parameters,Random Number Seed,20260922T155011_0c2931,,
Result - set4-5 | Simulation Summary #3,Random Number Seed,value,Fixed,20260922T155011_0c2931,,
Result - set4-5 | Simulation Summary #3,Starting Seed,Simulation Parameters,Starting Seed,20260922T155011_0c2931,,
Result - set4-5 | Simulation Summary #3,Starting Seed,value,134,20260922T155011_0c2931,,
Result - set4-5 | Simulation Summary #3,Total Number of Simulations,Simulation Parameters,Total Number of Simulations,20260922T155011_0c2931,,
Result - set4-5 | Simulation Summary #3,Total Number of Simulations,value,1002,20260922T155011_0c2931,,
Result - set4-6 | Early Stopping Boundaries,15,Action,Early Stopping for Low Efficacy,20260922T155011_0c2931,,
Result - set4-6 | Early Stopping Boundaries,15,Boundary,CR ≤ 0 and CR/PR ≤ 1,20260922T155011_0c2931,,
Result - set4-6 | Early Stopping Boundaries,15,Sample Size,15,20260922T155011_0c2931,,
Result - set4-6 | Early Stopping Boundaries,25,Action,Early Stopping for Low Efficacy,20260922T155011_0c2931,,
Result - set4-6 | Early Stopping Boundaries,25,Boundary,CR ≤ 1 and CR/PR ≤ 3,20260922T155011_0c2931,,
Result - set4-6 | Early Stopping Boundaries,25,Sample Size,25,20260922T155011_0c2931,,
Result - set4-6 | Early Stopping Boundaries,35,Action,Early Stopping for Low Efficacy,20260922T155011_0c2931,,
Result - set4-6 | Early Stopping Boundaries,35,Boundary,CR ≤ 1 and CR/PR ≤ 4,20260922T155011_0c2931,,
Result - set4-6 | Early Stopping Boundaries,35,Sample Size,35,20260922T155011_0c2931,,
Result - set4-6 | Early Stopping Boundaries,45,Action,Early Stopping for Low Efficacy,20260922T155011_0c2931,,
Result - set4-6 | Early Stopping Boundaries,45,Boundary,CR ≤ 2 and CR/PR ≤ 6,20260922T155011_0c2931,,
Result - set4-6 | Early Stopping Boundaries,45,Sample Size,45,20260922T155011_0c2931,,
Result - set4-6 | Early Stopping Boundaries,55,Action,Early Stopping for Low Efficacy,20260922T155011_0c2931,,
Result - set4-6 | Early Stopping Boundaries,55,Boundary,CR ≤ 3 and CR/PR ≤ 8,20260922T155011_0c2931,,
Result - set4-6 | Early Stopping Boundaries,55,Sample Size,55,20260922T155011_0c2931,,
Result - set4-6 | Early Stopping Boundaries,65,Action,Early Stopping for Low Efficacy,20260922T155011_0c2931,,
Result - set4-6 | Early Stopping Boundaries,65,Boundary,CR ≤ 3 and CR/PR ≤ 10,20260922T155011_0c2931,,
Result - set4-6 | Early Stopping Boundaries,65,Sample Size,65,20260922T155011_0c2931,,
Result - set4-6 | Early Stopping Boundaries,75,Action,Early Stopping for Low Efficacy,20260922T155011_0c2931,,
Result - set4-6 | Early Stopping Boundaries,75,Boundary,CR ≤ 4 and CR/PR ≤ 12,20260922T155011_0c2931,,
Result - set4-6 | Early Stopping Boundaries,75,Sample Size,75,20260922T155011_0c2931,,
Result - set4-6 | Early Stopping Boundaries,85,Action,Early Stopping for Low Efficacy,20260922T155011_0c2931,,
Result - set4-6 | Early Stopping Boundaries,85,Boundary,CR ≤ 5 and CR/PR ≤ 14,20260922T155011_0c2931,,
Result - set4-6 | Early Stopping Boundaries,85,Sample Size,85,20260922T155011_0c2931,,
Result - set4-6 | Early Stopping Boundaries,95,Action,Early Stopping for Low Efficacy,20260922T155011_0c2931,,
Result - set4-6 | Early Stopping Boundaries,95,Boundary,CR ≤ 6 and CR/PR ≤ 15,20260922T155011_0c2931,,
Result - set4-6 | Early Stopping Boundaries,95,Sample Size,95,20260922T155011_0c2931,,
Result - set4-6 | Frequency of Early Stopping,15,Cumulative Early Stop,0.002,20260922T155011_0c2931,,
Result - set4-6 | Frequency of Early Stopping,15,Early Stop,0.002,20260922T155011_0c2931,,
Result - set4-6 | Frequency of Early Stopping,15,Sample Size,15,20260922T155011_0c2931,,
Result - set4-6 | Frequency of Early Stopping,25,Cumulative Early Stop,0.002,20260922T155011_0c2931,,
Result - set4-6 | Frequency of Early Stopping,25,Early Stop,0,20260922T155011_0c2931,,
Result - set4-6 | Frequency of Early Stopping,25,Sample Size,25,20260922T155011_0c2931,,
Result - set4-6 | Frequency of Early Stopping,35,Cumulative Early Stop,0.002,20260922T155011_0c2931,,
Result - set4-6 | Frequency of Early Stopping,35,Early Stop,0,20260922T155011_0c2931,,
Result - set4-6 | Frequency of Early Stopping,35,Sample Size,35,20260922T155011_0c2931,,
Result - set4-6 | Frequency of Early Stopping,45,Cumulative Early Stop,0.002,20260922T155011_0c2931,,
Result - set4-6 | Frequency of Early Stopping,45,Early Stop,0,20260922T155011_0c2931,,
Result - set4-6 | Frequency of Early Stopping,45,Sample Size,45,20260922T155011_0c2931,,
Result - set4-6 | Frequency of Early Stopping,55,Cumulative Early Stop,0.002,20260922T155011_0c2931,,
Result - set4-6 | Frequency of Early Stopping,55,Early Stop,0,20260922T155011_0c2931,,
Result - set4-6 | Frequency of Early Stopping,55,Sample Size,55,20260922T155011_0c2931,,
Result - set4-6 | Frequency of Early Stopping,65,Cumulative Early Stop,0.002,20260922T155011_0c2931,,
Result - set4-6 | Frequency of Early Stopping,65,Early Stop,0,20260922T155011_0c2931,,
Result - set4-6 | Frequency of Early Stopping,65,Sample Size,65,20260922T155011_0c2931,,
Result - set4-6 | Frequency of Early Stopping,75,Cumulative Early Stop,0.002,20260922T155011_0c2931,,
Result - set4-6 | Frequency of Early Stopping,75,Early Stop,0,20260922T155011_0c2931,,
Result - set4-6 | Frequency of Early Stopping,75,Sample Size,75,20260922T155011_0c2931,,
Result - set4-6 | Frequency of Early Stopping,85,Cumulative Early Stop,0.002,20260922T155011_0c2931,,
Result - set4-6 | Frequency of Early Stopping,85,Early Stop,0,20260922T155011_0c2931,,
Result - set4-6 | Frequency of Early Stopping,85,Sample Size,85,20260922T155011_0c2931,,
Result - set4-6 | Operating Characteristics,0.998,Average Sample Size,94.84,20260922T155011_0c2931,,
Result - set4-6 | Operating Characteristics,0.998,Early Stop,0.002,20260922T155011_0c2931,,
Result - set4-6 | Operating Characteristics,0.998,Positive Trial,0.998,20260922T155011_0c2931,,
Result - set4-6 | Plan #1,Phase,Parameter,Phase,20260922T155011_0c2931,,
Result - set4-6 | Plan #1,Phase,Value,2,20260922T155011_0c2931,,
Result - set4-6 | Plan #1,Study Objective,Parameter,Study Objective,20260922T155011_0c2931,,
Result - set4-6 | Plan #1,Study Objective,Value,One Arm Exploratory / Confirmatory,20260922T155011_0c2931,,
Result - set4-6 | Plan #1,Target Population,Parameter,Target Population,20260922T155011_0c2931,,
Result - set4-6 | Plan #1,Target Population,Value,Adult,20260922T155011_0c2931,,
Result - set4-6 | Plan #1,Treatment Arm,Parameter,Treatment Arm,20260922T155011_0c2931,,
Result - set4-6 | Plan #1,Treatment Arm,Value,EXP,20260922T155011_0c2931,,
Result - set4-6 | Plan #2,Endpoint Name,Parameter,Endpoint Name,20260922T155011_0c2931,,
Result - set4-6 | Plan #2,Endpoint Name,Value,EP1,20260922T155011_0c2931,,
Result - set4-6 | Plan #2,Endpoint Type,Parameter,Endpoint Type,20260922T155011_0c2931,,
Result - set4-6 | Plan #2,Endpoint Type,Value,Categorical,20260922T155011_0c2931,,
Result - set4-6 | Plan #2,Priority,Parameter,Priority,20260922T155011_0c2931,,
Result - set4-6 | Plan #2,Priority,Value,Primary,20260922T155011_0c2931,,
Result - set4-6 | Simulation Summary #1,Number of Analysis,Test,Number of Analysis,20260922T155011_0c2931,,
Result - set4-6 | Simulation Summary #1,Number of Analysis,value,9,20260922T155011_0c2931,,
Result - set4-6 | Simulation Summary #1,Probability(CR),Test,Probability(CR),20260922T155011_0c2931,,
Result - set4-6 | Simulation Summary #1,Probability(CR),Test,Probability(CR),20260922T155011_0c2931,,
Result - set4-6 | Simulation Summary #1,Probability(CR),value,0.0564,20260922T155011_0c2931,,
Result - set4-6 | Simulation Summary #1,Probability(CR),value,0.1896,20260922T155011_0c2931,,
Result - set4-6 | Simulation Summary #1,Probability(PR),Test,Probability(PR),20260922T155011_0c2931,,
Result - set4-6 | Simulation Summary #1,Probability(PR),Test,Probability(PR),20260922T155011_0c2931,,
Result - set4-6 | Simulation Summary #1,Probability(PR),value,0.0985,20260922T155011_0c2931,,
Result - set4-6 | Simulation Summary #1,Probability(PR),value,0.2989,20260922T155011_0c2931,,
Result - set4-6 | Simulation Summary #1,Response Rate (H0),Test,Response Rate (H0),20260922T155011_0c2931,,
Result - set4-6 | Simulation Summary #1,Response Rate (H0),value,,20260922T155011_0c2931,,
Result - set4-6 | Simulation Summary #1,Response Rate (H1),Test,Response Rate (H1),20260922T155011_0c2931,,
Result - set4-6 | Simulation Summary #1,Response Rate (H1),value,,20260922T155011_0c2931,,
Result - set4-6 | Simulation Summary #1,Test Name,Test,Test Name,20260922T155011_0c2931,,
Result - set4-6 | Simulation Summary #1,Test Name,value,BOP2 : Ordinal (Single Arm Bayesian Optimal Design),20260922T155011_0c2931,,
Result - set4-6 | Simulation Summary #1,Type 1 Error (α),Test,Type 1 Error (α),20260922T155011_0c2931,,
Result - set4-6 | Simulation Summary #1,Type 1 Error (α),value,0.29,20260922T155011_0c2931,,
Result - set4-6 | Simulation Summary #2,Probability(CR),Response Generation,Probability(CR),20260922T155011_0c2931,,
Result - set4-6 | Simulation Summary #2,Probability(CR),value,0.21,20260922T155011_0c2931,,
Result - set4-6 | Simulation Summary #2,Probability(PR),Response Generation,Probability(PR),20260922T155011_0c2931,,
Result - set4-6 | Simulation Summary #2,Probability(PR),value,0.213,20260922T155011_0c2931,,
Result - set4-6 | Simulation Summary #2,Response Rate,Response Generation,Response Rate,20260922T155011_0c2931,,
Result - set4-6 | Simulation Summary #2,Response Rate,value,,20260922T155011_0c2931,,
Result - set4-6 | Simulation Summary #3,Number of Simulations Run,Simulation Parameters,Number of Simulations Run,20260922T155011_0c2931,,
Result - set4-6 | Simulation Summary #3,Number of Simulations Run,value,1002,20260922T155011_0c2931,,
Result - set4-6 | Simulation Summary #3,Random Number Seed,Simulation Parameters,Random Number Seed,20260922T155011_0c2931,,
Result - set4-6 | Simulation Summary #3,Random Number Seed,value,Fixed,20260922T155011_0c2931,,
Result - set4-6 | Simulation Summary #3,Starting Seed,Simulation Parameters,Starting Seed,20260922T155011_0c2931,,
Result - set4-6 | Simulation Summary #3,Starting Seed,value,134,20260922T155011_0c2931,,
Result - set4-6 | Simulation Summary #3,Total Number of Simulations,Simulation Parameters,Total Number of Simulations,20260922T155011_0c2931,,
Result - set4-6 | Simulation Summary #3,Total Number of Simulations,value,1002,20260922T155011_0c2931,,
Result - set4-7 | Early Stopping Boundaries,15,Action,Early Stopping for Low Efficacy,20260922T155011_0c2931,,
Result - set4-7 | Early Stopping Boundaries,15,Boundary,CR ≤ 0 and CR/PR ≤ 1,20260922T155011_0c2931,,
Result - set4-7 | Early Stopping Boundaries,15,Sample Size,15,20260922T155011_0c2931,,
Result - set4-7 | Early Stopping Boundaries,25,Action,Early Stopping for Low Efficacy,20260922T155011_0c2931,,
Result - set4-7 | Early Stopping Boundaries,25,Boundary,CR ≤ 1 and CR/PR ≤ 3,20260922T155011_0c2931,,
Result - set4-7 | Early Stopping Boundaries,25,Sample Size,25,20260922T155011_0c2931,,
Result - set4-7 | Early Stopping Boundaries,35,Action,Early Stopping for Low Efficacy,20260922T155011_0c2931,,
Result - set4-7 | Early Stopping Boundaries,35,Boundary,CR ≤ 1 and CR/PR ≤ 4,20260922T155011_0c2931,,
Result - set4-7 | Early Stopping Boundaries,35,Sample Size,35,20260922T155011_0c2931,,
Result - set4-7 | Early Stopping Boundaries,45,Action,Early Stopping for Low Efficacy,20260922T155011_0c2931,,
Result - set4-7 | Early Stopping Boundaries,45,Boundary,CR ≤ 2 and CR/PR ≤ 6,20260922T155011_0c2931,,
Result - set4-7 | Early Stopping Boundaries,45,Sample Size,45,20260922T155011_0c2931,,
Result - set4-7 | Early Stopping Boundaries,55,Action,Early Stopping for Low Efficacy,20260922T155011_0c2931,,
Result - set4-7 | Early Stopping Boundaries,55,Boundary,CR ≤ 3 and CR/PR ≤ 8,20260922T155011_0c2931,,
Result - set4-7 | Early Stopping Boundaries,55,Sample Size,55,20260922T155011_0c2931,,
Result - set4-7 | Early Stopping Boundaries,65,Action,Early Stopping for Low Efficacy,20260922T155011_0c2931,,
Result - set4-7 | Early Stopping Boundaries,65,Boundary,CR ≤ 3 and CR/PR ≤ 10,20260922T155011_0c2931,,
Result - set4-7 | Early Stopping Boundaries,65,Sample Size,65,20260922T155011_0c2931,,
Result - set4-7 | Early Stopping Boundaries,75,Action,Early Stopping for Low Efficacy,20260922T155011_0c2931,,
Result - set4-7 | Early Stopping Boundaries,75,Boundary,CR ≤ 4 and CR/PR ≤ 12,20260922T155011_0c2931,,
Result - set4-7 | Early Stopping Boundaries,75,Sample Size,75,20260922T155011_0c2931,,
Result - set4-7 | Early Stopping Boundaries,85,Action,Early Stopping for Low Efficacy,20260922T155011_0c2931,,
Result - set4-7 | Early Stopping Boundaries,85,Boundary,CR ≤ 5 and CR/PR ≤ 14,20260922T155011_0c2931,,
Result - set4-7 | Early Stopping Boundaries,85,Sample Size,85,20260922T155011_0c2931,,
Result - set4-7 | Early Stopping Boundaries,95,Action,Early Stopping for Low Efficacy,20260922T155011_0c2931,,
Result - set4-7 | Early Stopping Boundaries,95,Boundary,CR ≤ 6 and CR/PR ≤ 15,20260922T155011_0c2931,,
Result - set4-7 | Early Stopping Boundaries,95,Sample Size,95,20260922T155011_0c2931,,
Result - set4-7 | Frequency of Early Stopping,15,Cumulative Early Stop,0.001,20260922T155011_0c2931,,
Result - set4-7 | Frequency of Early Stopping,15,Early Stop,0.001,20260922T155011_0c2931,,
Result - set4-7 | Frequency of Early Stopping,15,Sample Size,15,20260922T155011_0c2931,,
Result - set4-7 | Frequency of Early Stopping,25,Cumulative Early Stop,0.001,20260922T155011_0c2931,,
Result - set4-7 | Frequency of Early Stopping,25,Early Stop,0,20260922T155011_0c2931,,
Result - set4-7 | Frequency of Early Stopping,25,Sample Size,25,20260922T155011_0c2931,,
Result - set4-7 | Frequency of Early Stopping,35,Cumulative Early Stop,0.001,20260922T155011_0c2931,,
Result - set4-7 | Frequency of Early Stopping,35,Early Stop,0,20260922T155011_0c2931,,
Result - set4-7 | Frequency of Early Stopping,35,Sample Size,35,20260922T155011_0c2931,,
Result - set4-7 | Frequency of Early Stopping,45,Cumulative Early Stop,0.001,20260922T155011_0c2931,,
Result - set4-7 | Frequency of Early Stopping,45,Early Stop,0,20260922T155011_0c2931,,
Result - set4-7 | Frequency of Early Stopping,45,Sample Size,45,20260922T155011_0c2931,,
Result - set4-7 | Frequency of Early Stopping,55,Cumulative Early Stop,0.001,20260922T155011_0c2931,,
Result - set4-7 | Frequency of Early Stopping,55,Early Stop,0,20260922T155011_0c2931,,
Result - set4-7 | Frequency of Early Stopping,55,Sample Size,55,20260922T155011_0c2931,,
Result - set4-7 | Frequency of Early Stopping,65,Cumulative Early Stop,0.001,20260922T155011_0c2931,,
Result - set4-7 | Frequency of Early Stopping,65,Early Stop,0,20260922T155011_0c2931,,
Result - set4-7 | Frequency of Early Stopping,65,Sample Size,65,20260922T155011_0c2931,,
Result - set4-7 | Frequency of Early Stopping,75,Cumulative Early Stop,0.001,20260922T155011_0c2931,,
Result - set4-7 | Frequency of Early Stopping,75,Early Stop,0,20260922T155011_0c2931,,
Result - set4-7 | Frequency of Early Stopping,75,Sample Size,75,20260922T155011_0c2931,,
Result - set4-7 | Frequency of Early Stopping,85,Cumulative Early Stop,0.001,20260922T155011_0c2931,,
Result - set4-7 | Frequency of Early Stopping,85,Early Stop,0,20260922T155011_0c2931,,
Result - set4-7 | Frequency of Early Stopping,85,Sample Size,85,20260922T155011_0c2931,,
Result - set4-7 | Operating Characteristics,0.999,Average Sample Size,94.92,20260922T155011_0c2931,,
Result - set4-7 | Operating Characteristics,0.999,Early Stop,0.001,20260922T155011_0c2931,,
Result - set4-7 | Operating Characteristics,0.999,Positive Trial,0.999,20260922T155011_0c2931,,
Result - set4-7 | Plan #1,Phase,Parameter,Phase,20260922T155011_0c2931,,
Result - set4-7 | Plan #1,Phase,Value,2,20260922T155011_0c2931,,
Result - set4-7 | Plan #1,Study Objective,Parameter,Study Objective,20260922T155011_0c2931,,
Result - set4-7 | Plan #1,Study Objective,Value,One Arm Exploratory / Confirmatory,20260922T155011_0c2931,,
Result - set4-7 | Plan #1,Target Population,Parameter,Target Population,20260922T155011_0c2931,,
Result - set4-7 | Plan #1,Target Population,Value,Adult,20260922T155011_0c2931,,
Result - set4-7 | Plan #1,Treatment Arm,Parameter,Treatment Arm,20260922T155011_0c2931,,
Result - set4-7 | Plan #1,Treatment Arm,Value,EXP,20260922T155011_0c2931,,
Result - set4-7 | Plan #2,Endpoint Name,Parameter,Endpoint Name,20260922T155011_0c2931,,
Result - set4-7 | Plan #2,Endpoint Name,Value,EP1,20260922T155011_0c2931,,
Result - set4-7 | Plan #2,Endpoint Type,Parameter,Endpoint Type,20260922T155011_0c2931,,
Result - set4-7 | Plan #2,Endpoint Type,Value,Categorical,20260922T155011_0c2931,,
Result - set4-7 | Plan #2,Priority,Parameter,Priority,20260922T155011_0c2931,,
Result - set4-7 | Plan #2,Priority,Value,Primary,20260922T155011_0c2931,,
Result - set4-7 | Simulation Summary #1,Number of Analysis,Test,Number of Analysis,20260922T155011_0c2931,,
Result - set4-7 | Simulation Summary #1,Number of Analysis,value,9,20260922T155011_0c2931,,
Result - set4-7 | Simulation Summary #1,Probability(CR),Test,Probability(CR),20260922T155011_0c2931,,
Result - set4-7 | Simulation Summary #1,Probability(CR),Test,Probability(CR),20260922T155011_0c2931,,
Result - set4-7 | Simulation Summary #1,Probability(CR),value,0.0564,20260922T155011_0c2931,,
Result - set4-7 | Simulation Summary #1,Probability(CR),value,0.1896,20260922T155011_0c2931,,
Result - set4-7 | Simulation Summary #1,Probability(PR),Test,Probability(PR),20260922T155011_0c2931,,
Result - set4-7 | Simulation Summary #1,Probability(PR),Test,Probability(PR),20260922T155011_0c2931,,
Result - set4-7 | Simulation Summary #1,Probability(PR),value,0.0985,20260922T155011_0c2931,,
Result - set4-7 | Simulation Summary #1,Probability(PR),value,0.2989,20260922T155011_0c2931,,
Result - set4-7 | Simulation Summary #1,Response Rate (H0),Test,Response Rate (H0),20260922T155011_0c2931,,
Result - set4-7 | Simulation Summary #1,Response Rate (H0),value,,20260922T155011_0c2931,,
Result - set4-7 | Simulation Summary #1,Response Rate (H1),Test,Response Rate (H1),20260922T155011_0c2931,,
Result - set4-7 | Simulation Summary #1,Response Rate (H1),value,,20260922T155011_0c2931,,
Result - set4-7 | Simulation Summary #1,Test Name,Test,Test Name,20260922T155011_0c2931,,
Result - set4-7 | Simulation Summary #1,Test Name,value,BOP2 : Ordinal (Single Arm Bayesian Optimal Design),20260922T155011_0c2931,,
Result - set4-7 | Simulation Summary #1,Type 1 Error (α),Test,Type 1 Error (α),20260922T155011_0c2931,,
Result - set4-7 | Simulation Summary #1,Type 1 Error (α),value,0.29,20260922T155011_0c2931,,
Result - set4-7 | Simulation Summary #2,Probability(CR),Response Generation,Probability(CR),20260922T155011_0c2931,,
Result - set4-7 | Simulation Summary #2,Probability(CR),value,0.226,20260922T155011_0c2931,,
Result - set4-7 | Simulation Summary #2,Probability(PR),Response Generation,Probability(PR),20260922T155011_0c2931,,
Result - set4-7 | Simulation Summary #2,Probability(PR),value,0.2656,20260922T155011_0c2931,,
Result - set4-7 | Simulation Summary #2,Response Rate,Response Generation,Response Rate,20260922T155011_0c2931,,
Result - set4-7 | Simulation Summary #2,Response Rate,value,,20260922T155011_0c2931,,
Result - set4-7 | Simulation Summary #3,Number of Simulations Run,Simulation Parameters,Number of Simulations Run,20260922T155011_0c2931,,
Result - set4-7 | Simulation Summary #3,Number of Simulations Run,value,1002,20260922T155011_0c2931,,
Result - set4-7 | Simulation Summary #3,Random Number Seed,Simulation Parameters,Random Number Seed,20260922T155011_0c2931,,
Result - set4-7 | Simulation Summary #3,Random Number Seed,value,Fixed,20260922T155011_0c2931,,
Result - set4-7 | Simulation Summary #3,Starting Seed,Simulation Parameters,Starting Seed,20260922T155011_0c2931,,
Result - set4-7 | Simulation Summary #3,Starting Seed,value,134,20260922T155011_0c2931,,
Result - set4-7 | Simulation Summary #3,Total Number of Simulations,Simulation Parameters,Total Number of Simulations,20260922T155011_0c2931,,
Result - set4-7 | Simulation Summary #3,Total Number of Simulations,value,1002,20260922T155011_0c2931,,
Result - set4-8 | Early Stopping Boundaries,15,Action,Early Stopping for Low Efficacy,20260922T155011_0c2931,,
Result - set4-8 | Early Stopping Boundaries,15,Boundary,CR ≤ 0 and CR/PR ≤ 1,20260922T155011_0c2931,,
Result - set4-8 | Early Stopping Boundaries,15,Sample Size,15,20260922T155011_0c2931,,
Result - set4-8 | Early Stopping Boundaries,25,Action,Early Stopping for Low Efficacy,20260922T155011_0c2931,,
Result - set4-8 | Early Stopping Boundaries,25,Boundary,CR ≤ 1 and CR/PR ≤ 3,20260922T155011_0c2931,,
Result - set4-8 | Early Stopping Boundaries,25,Sample Size,25,20260922T155011_0c2931,,
Result - set4-8 | Early Stopping Boundaries,35,Action,Early Stopping for Low Efficacy,20260922T155011_0c2931,,
Result - set4-8 | Early Stopping Boundaries,35,Boundary,CR ≤ 1 and CR/PR ≤ 4,20260922T155011_0c2931,,
Result - set4-8 | Early Stopping Boundaries,35,Sample Size,35,20260922T155011_0c2931,,
Result - set4-8 | Early Stopping Boundaries,45,Action,Early Stopping for Low Efficacy,20260922T155011_0c2931,,
Result - set4-8 | Early Stopping Boundaries,45,Boundary,CR ≤ 2 and CR/PR ≤ 6,20260922T155011_0c2931,,
Result - set4-8 | Early Stopping Boundaries,45,Sample Size,45,20260922T155011_0c2931,,
Result - set4-8 | Early Stopping Boundaries,55,Action,Early Stopping for Low Efficacy,20260922T155011_0c2931,,
Result - set4-8 | Early Stopping Boundaries,55,Boundary,CR ≤ 3 and CR/PR ≤ 8,20260922T155011_0c2931,,
Result - set4-8 | Early Stopping Boundaries,55,Sample Size,55,20260922T155011_0c2931,,
Result - set4-8 | Early Stopping Boundaries,65,Action,Early Stopping for Low Efficacy,20260922T155011_0c2931,,
Result - set4-8 | Early Stopping Boundaries,65,Boundary,CR ≤ 3 and CR/PR ≤ 10,20260922T155011_0c2931,,
Result - set4-8 | Early Stopping Boundaries,65,Sample Size,65,20260922T155011_0c2931,,
Result - set4-8 | Early Stopping Boundaries,75,Action,Early Stopping for Low Efficacy,20260922T155011_0c2931,,
Result - set4-8 | Early Stopping Boundaries,75,Boundary,CR ≤ 4 and CR/PR ≤ 12,20260922T155011_0c2931,,
Result - set4-8 | Early Stopping Boundaries,75,Sample Size,75,20260922T155011_0c2931,,
Result - set4-8 | Early Stopping Boundaries,85,Action,Early Stopping for Low Efficacy,20260922T155011_0c2931,,
Result - set4-8 | Early Stopping Boundaries,85,Boundary,CR ≤ 5 and CR/PR ≤ 14,20260922T155011_0c2931,,
Result - set4-8 | Early Stopping Boundaries,85,Sample Size,85,20260922T155011_0c2931,,
Result - set4-8 | Early Stopping Boundaries,95,Action,Early Stopping for Low Efficacy,20260922T155011_0c2931,,
Result - set4-8 | Early Stopping Boundaries,95,Boundary,CR ≤ 6 and CR/PR ≤ 15,20260922T155011_0c2931,,
Result - set4-8 | Early Stopping Boundaries,95,Sample Size,95,20260922T155011_0c2931,,
Result - set4-8 | Frequency of Early Stopping,15,Cumulative Early Stop,0,20260922T155011_0c2931,,
Result - set4-8 | Frequency of Early Stopping,15,Early Stop,0,20260922T155011_0c2931,,
Result - set4-8 | Frequency of Early Stopping,15,Sample Size,15,20260922T155011_0c2931,,
Result - set4-8 | Frequency of Early Stopping,25,Cumulative Early Stop,0,20260922T155011_0c2931,,
Result - set4-8 | Frequency of Early Stopping,25,Early Stop,0,20260922T155011_0c2931,,
Result - set4-8 | Frequency of Early Stopping,25,Sample Size,25,20260922T155011_0c2931,,
Result - set4-8 | Frequency of Early Stopping,35,Cumulative Early Stop,0,20260922T155011_0c2931,,
Result - set4-8 | Frequency of Early Stopping,35,Early Stop,0,20260922T155011_0c2931,,
Result - set4-8 | Frequency of Early Stopping,35,Sample Size,35,20260922T155011_0c2931,,
Result - set4-8 | Frequency of Early Stopping,45,Cumulative Early Stop,0,20260922T155011_0c2931,,
Result - set4-8 | Frequency of Early Stopping,45,Early Stop,0,20260922T155011_0c2931,,
Result - set4-8 | Frequency of Early Stopping,45,Sample Size,45,20260922T155011_0c2931,,
Result - set4-8 | Frequency of Early Stopping,55,Cumulative Early Stop,0,20260922T155011_0c2931,,
Result - set4-8 | Frequency of Early Stopping,55,Early Stop,0,20260922T155011_0c2931,,
Result - set4-8 | Frequency of Early Stopping,55,Sample Size,55,20260922T155011_0c2931,,
Result - set4-8 | Frequency of Early Stopping,65,Cumulative Early Stop,0,20260922T155011_0c2931,,
Result - set4-8 | Frequency of Early Stopping,65,Early Stop,0,20260922T155011_0c2931,,
Result - set4-8 | Frequency of Early Stopping,65,Sample Size,65,20260922T155011_0c2931,,
Result - set4-8 | Frequency of Early Stopping,75,Cumulative Early Stop,0,20260922T155011_0c2931,,
Result - set4-8 | Frequency of Early Stopping,75,Early Stop,0,20260922T155011_0c2931,,
Result - set4-8 | Frequency of Early Stopping,75,Sample Size,75,20260922T155011_0c2931,,
Result - set4-8 | Frequency of Early Stopping,85,Cumulative Early Stop,0,20260922T155011_0c2931,,
Result - set4-8 | Frequency of Early Stopping,85,Early Stop,0,20260922T155011_0c2931,,
Result - set4-8 | Frequency of Early Stopping,85,Sample Size,85,20260922T155011_0c2931,,
Result - set4-8 | Operating Characteristics,1,Average Sample Size,95,20260922T155011_0c2931,,
Result - set4-8 | Operating Characteristics,1,Early Stop,0,20260922T155011_0c2931,,
Result - set4-8 | Operating Characteristics,1,Positive Trial,1,20260922T155011_0c2931,,
Result - set4-8 | Plan #1,Phase,Parameter,Phase,20260922T155011_0c2931,,
Result - set4-8 | Plan #1,Phase,Value,2,20260922T155011_0c2931,,
Result - set4-8 | Plan #1,Study Objective,Parameter,Study Objective,20260922T155011_0c2931,,
Result - set4-8 | Plan #1,Study Objective,Value,One Arm Exploratory / Confirmatory,20260922T155011_0c2931,,
Result - set4-8 | Plan #1,Target Population,Parameter,Target Population,20260922T155011_0c2931,,
Result - set4-8 | Plan #1,Target Population,Value,Adult,20260922T155011_0c2931,,
Result - set4-8 | Plan #1,Treatment Arm,Parameter,Treatment Arm,20260922T155011_0c2931,,
Result - set4-8 | Plan #1,Treatment Arm,Value,EXP,20260922T155011_0c2931,,
Result - set4-8 | Plan #2,Endpoint Name,Parameter,Endpoint Name,20260922T155011_0c2931,,
Result - set4-8 | Plan #2,Endpoint Name,Value,EP1,20260922T155011_0c2931,,
Result - set4-8 | Plan #2,Endpoint Type,Parameter,Endpoint Type,20260922T155011_0c2931,,
Result - set4-8 | Plan #2,Endpoint Type,Value,Categorical,20260922T155011_0c2931,,
Result - set4-8 | Plan #2,Priority,Parameter,Priority,20260922T155011_0c2931,,
Result - set4-8 | Plan #2,Priority,Value,Primary,20260922T155011_0c2931,,
Result - set4-8 | Simulation Summary #1,Number of Analysis,Test,Number of Analysis,20260922T155011_0c2931,,
Result - set4-8 | Simulation Summary #1,Number of Analysis,value,9,20260922T155011_0c2931,,
Result - set4-8 | Simulation Summary #1,Probability(CR),Test,Probability(CR),20260922T155011_0c2931,,
Result - set4-8 | Simulation Summary #1,Probability(CR),Test,Probability(CR),20260922T155011_0c2931,,
Result - set4-8 | Simulation Summary #1,Probability(CR),value,0.0564,20260922T155011_0c2931,,
Result - set4-8 | Simulation Summary #1,Probability(CR),value,0.1896,20260922T155011_0c2931,,
Result - set4-8 | Simulation Summary #1,Probability(PR),Test,Probability(PR),20260922T155011_0c2931,,
Result - set4-8 | Simulation Summary #1,Probability(PR),Test,Probability(PR),20260922T155011_0c2931,,
Result - set4-8 | Simulation Summary #1,Probability(PR),value,0.0985,20260922T155011_0c2931,,
Result - set4-8 | Simulation Summary #1,Probability(PR),value,0.2989,20260922T155011_0c2931,,
Result - set4-8 | Simulation Summary #1,Response Rate (H0),Test,Response Rate (H0),20260922T155011_0c2931,,
Result - set4-8 | Simulation Summary #1,Response Rate (H0),value,,20260922T155011_0c2931,,
Result - set4-8 | Simulation Summary #1,Response Rate (H1),Test,Response Rate (H1),20260922T155011_0c2931,,
Result - set4-8 | Simulation Summary #1,Response Rate (H1),value,,20260922T155011_0c2931,,
Result - set4-8 | Simulation Summary #1,Test Name,Test,Test Name,20260922T155011_0c2931,,
Result - set4-8 | Simulation Summary #1,Test Name,value,BOP2 : Ordinal (Single Arm Bayesian Optimal Design),20260922T155011_0c2931,,
Result - set4-8 | Simulation Summary #1,Type 1 Error (α),Test,Type 1 Error (α),20260922T155011_0c2931,,
Result - set4-8 | Simulation Summary #1,Type 1 Error (α),value,0.29,20260922T155011_0c2931,,
Result - set4-8 | Simulation Summary #2,Probability(CR),Response Generation,Probability(CR),20260922T155011_0c2931,,
Result - set4-8 | Simulation Summary #2,Probability(CR),value,0.31,20260922T155011_0c2931,,
Result - set4-8 | Simulation Summary #2,Probability(PR),Response Generation,Probability(PR),20260922T155011_0c2931,,
Result - set4-8 | Simulation Summary #2,Probability(PR),value,0.33,20260922T155011_0c2931,,
Result - set4-8 | Simulation Summary #2,Response Rate,Response Generation,Response Rate,20260922T155011_0c2931,,
Result - set4-8 | Simulation Summary #2,Response Rate,value,,20260922T155011_0c2931,,
Result - set4-8 | Simulation Summary #3,Number of Simulations Run,Simulation Parameters,Number of Simulations Run,20260922T155011_0c2931,,
Result - set4-8 | Simulation Summary #3,Number of Simulations Run,value,1002,20260922T155011_0c2931,,
Result - set4-8 | Simulation Summary #3,Random Number Seed,Simulation Parameters,Random Number Seed,20260922T155011_0c2931,,
Result - set4-8 | Simulation Summary #3,Random Number Seed,value,Fixed,20260922T155011_0c2931,,
Result - set4-8 | Simulation Summary #3,Starting Seed,Simulation Parameters,Starting Seed,20260922T155011_0c2931,,
Result - set4-8 | Simulation Summary #3,Starting Seed,value,134,20260922T155011_0c2931,,
Result - set4-8 | Simulation Summary #3,Total Number of Simulations,Simulation Parameters,Total Number of Simulations,20260922T155011_0c2931,,
Result - set4-8 | Simulation Summary #3,Total Number of Simulations,value,1002,20260922T155011_0c2931,,
Result - set4-9 | Early Stopping Boundaries,15,Action,Early Stopping for Low Efficacy,20260922T155011_0c2931,,
Result - set4-9 | Early Stopping Boundaries,15,Boundary,CR ≤ 0 and CR/PR ≤ 1,20260922T155011_0c2931,,
Result - set4-9 | Early Stopping Boundaries,15,Sample Size,15,20260922T155011_0c2931,,
Result - set4-9 | Early Stopping Boundaries,25,Action,Early Stopping for Low Efficacy,20260922T155011_0c2931,,
Result - set4-9 | Early Stopping Boundaries,25,Boundary,CR ≤ 1 and CR/PR ≤ 3,20260922T155011_0c2931,,
Result - set4-9 | Early Stopping Boundaries,25,Sample Size,25,20260922T155011_0c2931,,
Result - set4-9 | Early Stopping Boundaries,35,Action,Early Stopping for Low Efficacy,20260922T155011_0c2931,,
Result - set4-9 | Early Stopping Boundaries,35,Boundary,CR ≤ 1 and CR/PR ≤ 4,20260922T155011_0c2931,,
Result - set4-9 | Early Stopping Boundaries,35,Sample Size,35,20260922T155011_0c2931,,
Result - set4-9 | Early Stopping Boundaries,45,Action,Early Stopping for Low Efficacy,20260922T155011_0c2931,,
Result - set4-9 | Early Stopping Boundaries,45,Boundary,CR ≤ 2 and CR/PR ≤ 6,20260922T155011_0c2931,,
Result - set4-9 | Early Stopping Boundaries,45,Sample Size,45,20260922T155011_0c2931,,
Result - set4-9 | Early Stopping Boundaries,55,Action,Early Stopping for Low Efficacy,20260922T155011_0c2931,,
Result - set4-9 | Early Stopping Boundaries,55,Boundary,CR ≤ 3 and CR/PR ≤ 8,20260922T155011_0c2931,,
Result - set4-9 | Early Stopping Boundaries,55,Sample Size,55,20260922T155011_0c2931,,
Result - set4-9 | Early Stopping Boundaries,65,Action,Early Stopping for Low Efficacy,20260922T155011_0c2931,,
Result - set4-9 | Early Stopping Boundaries,65,Boundary,CR ≤ 3 and CR/PR ≤ 10,20260922T155011_0c2931,,
Result - set4-9 | Early Stopping Boundaries,65,Sample Size,65,20260922T155011_0c2931,,
Result - set4-9 | Early Stopping Boundaries,75,Action,Early Stopping for Low Efficacy,20260922T155011_0c2931,,
Result - set4-9 | Early Stopping Boundaries,75,Boundary,CR ≤ 4 and CR/PR ≤ 12,20260922T155011_0c2931,,
Result - set4-9 | Early Stopping Boundaries,75,Sample Size,75,20260922T155011_0c2931,,
Result - set4-9 | Early Stopping Boundaries,85,Action,Early Stopping for Low Efficacy,20260922T155011_0c2931,,
Result - set4-9 | Early Stopping Boundaries,85,Boundary,CR ≤ 5 and CR/PR ≤ 14,20260922T155011_0c2931,,
Result - set4-9 | Early Stopping Boundaries,85,Sample Size,85,20260922T155011_0c2931,,
Result - set4-9 | Early Stopping Boundaries,95,Action,Early Stopping for Low Efficacy,20260922T155011_0c2931,,
Result - set4-9 | Early Stopping Boundaries,95,Boundary,CR ≤ 6 and CR/PR ≤ 15,20260922T155011_0c2931,,
Result - set4-9 | Early Stopping Boundaries,95,Sample Size,95,20260922T155011_0c2931,,
Result - set4-9 | Frequency of Early Stopping,15,Cumulative Early Stop,0,20260922T155011_0c2931,,
Result - set4-9 | Frequency of Early Stopping,15,Early Stop,0,20260922T155011_0c2931,,
Result - set4-9 | Frequency of Early Stopping,15,Sample Size,15,20260922T155011_0c2931,,
Result - set4-9 | Frequency of Early Stopping,25,Cumulative Early Stop,0,20260922T155011_0c2931,,
Result - set4-9 | Frequency of Early Stopping,25,Early Stop,0,20260922T155011_0c2931,,
Result - set4-9 | Frequency of Early Stopping,25,Sample Size,25,20260922T155011_0c2931,,
Result - set4-9 | Frequency of Early Stopping,35,Cumulative Early Stop,0,20260922T155011_0c2931,,
Result - set4-9 | Frequency of Early Stopping,35,Early Stop,0,20260922T155011_0c2931,,
Result - set4-9 | Frequency of Early Stopping,35,Sample Size,35,20260922T155011_0c2931,,
Result - set4-9 | Frequency of Early Stopping,45,Cumulative Early Stop,0,20260922T155011_0c2931,,
Result - set4-9 | Frequency of Early Stopping,45,Early Stop,0,20260922T155011_0c2931,,
Result - set4-9 | Frequency of Early Stopping,45,Sample Size,45,20260922T155011_0c2931,,
Result - set4-9 | Frequency of Early Stopping,55,Cumulative Early Stop,0,20260922T155011_0c2931,,
Result - set4-9 | Frequency of Early Stopping,55,Early Stop,0,20260922T155011_0c2931,,
Result - set4-9 | Frequency of Early Stopping,55,Sample Size,55,20260922T155011_0c2931,,
Result - set4-9 | Frequency of Early Stopping,65,Cumulative Early Stop,0,20260922T155011_0c2931,,
Result - set4-9 | Frequency of Early Stopping,65,Early Stop,0,20260922T155011_0c2931,,
Result - set4-9 | Frequency of Early Stopping,65,Sample Size,65,20260922T155011_0c2931,,
Result - set4-9 | Frequency of Early Stopping,75,Cumulative Early Stop,0,20260922T155011_0c2931,,
Result - set4-9 | Frequency of Early Stopping,75,Early Stop,0,20260922T155011_0c2931,,
Result - set4-9 | Frequency of Early Stopping,75,Sample Size,75,20260922T155011_0c2931,,
Result - set4-9 | Frequency of Early Stopping,85,Cumulative Early Stop,0,20260922T155011_0c2931,,
Result - set4-9 | Frequency of Early Stopping,85,Early Stop,0,20260922T155011_0c2931,,
Result - set4-9 | Frequency of Early Stopping,85,Sample Size,85,20260922T155011_0c2931,,
Result - set4-9 | Operating Characteristics,1,Average Sample Size,95,20260922T155011_0c2931,,
Result - set4-9 | Operating Characteristics,1,Early Stop,0,20260922T155011_0c2931,,
Result - set4-9 | Operating Characteristics,1,Positive Trial,1,20260922T155011_0c2931,,
Result - set4-9 | Plan #1,Phase,Parameter,Phase,20260922T155011_0c2931,,
Result - set4-9 | Plan #1,Phase,Value,2,20260922T155011_0c2931,,
Result - set4-9 | Plan #1,Study Objective,Parameter,Study Objective,20260922T155011_0c2931,,
Result - set4-9 | Plan #1,Study Objective,Value,One Arm Exploratory / Confirmatory,20260922T155011_0c2931,,
Result - set4-9 | Plan #1,Target Population,Parameter,Target Population,20260922T155011_0c2931,,
Result - set4-9 | Plan #1,Target Population,Value,Adult,20260922T155011_0c2931,,
Result - set4-9 | Plan #1,Treatment Arm,Parameter,Treatment Arm,20260922T155011_0c2931,,
Result - set4-9 | Plan #1,Treatment Arm,Value,EXP,20260922T155011_0c2931,,
Result - set4-9 | Plan #2,Endpoint Name,Parameter,Endpoint Name,20260922T155011_0c2931,,
Result - set4-9 | Plan #2,Endpoint Name,Value,EP1,20260922T155011_0c2931,,
Result - set4-9 | Plan #2,Endpoint Type,Parameter,Endpoint Type,20260922T155011_0c2931,,
Result - set4-9 | Plan #2,Endpoint Type,Value,Categorical,20260922T155011_0c2931,,
Result - set4-9 | Plan #2,Priority,Parameter,Priority,20260922T155011_0c2931,,
Result - set4-9 | Plan #2,Priority,Value,Primary,20260922T155011_0c2931,,
Result - set4-9 | Simulation Summary #1,Number of Analysis,Test,Number of Analysis,20260922T155011_0c2931,,
Result - set4-9 | Simulation Summary #1,Number of Analysis,value,9,20260922T155011_0c2931,,
Result - set4-9 | Simulation Summary #1,Probability(CR),Test,Probability(CR),20260922T155011_0c2931,,
Result - set4-9 | Simulation Summary #1,Probability(CR),Test,Probability(CR),20260922T155011_0c2931,,
Result - set4-9 | Simulation Summary #1,Probability(CR),value,0.0564,20260922T155011_0c2931,,
Result - set4-9 | Simulation Summary #1,Probability(CR),value,0.1896,20260922T155011_0c2931,,
Result - set4-9 | Simulation Summary #1,Probability(PR),Test,Probability(PR),20260922T155011_0c2931,,
Result - set4-9 | Simulation Summary #1,Probability(PR),Test,Probability(PR),20260922T155011_0c2931,,
Result - set4-9 | Simulation Summary #1,Probability(PR),value,0.0985,20260922T155011_0c2931,,
Result - set4-9 | Simulation Summary #1,Probability(PR),value,0.2989,20260922T155011_0c2931,,
Result - set4-9 | Simulation Summary #1,Response Rate (H0),Test,Response Rate (H0),20260922T155011_0c2931,,
Result - set4-9 | Simulation Summary #1,Response Rate (H0),value,,20260922T155011_0c2931,,
Result - set4-9 | Simulation Summary #1,Response Rate (H1),Test,Response Rate (H1),20260922T155011_0c2931,,
Result - set4-9 | Simulation Summary #1,Response Rate (H1),value,,20260922T155011_0c2931,,
Result - set4-9 | Simulation Summary #1,Test Name,Test,Test Name,20260922T155011_0c2931,,
Result - set4-9 | Simulation Summary #1,Test Name,value,BOP2 : Ordinal (Single Arm Bayesian Optimal Design),20260922T155011_0c2931,,
Result - set4-9 | Simulation Summary #1,Type 1 Error (α),Test,Type 1 Error (α),20260922T155011_0c2931,,
Result - set4-9 | Simulation Summary #1,Type 1 Error (α),value,0.29,20260922T155011_0c2931,,
Result - set4-9 | Simulation Summary #2,Probability(CR),Response Generation,Probability(CR),20260922T155011_0c2931,,
Result - set4-9 | Simulation Summary #2,Probability(CR),value,0.312,20260922T155011_0c2931,,
Result - set4-9 | Simulation Summary #2,Probability(PR),Response Generation,Probability(PR),20260922T155011_0c2931,,
Result - set4-9 | Simulation Summary #2,Probability(PR),value,0.333,20260922T155011_0c2931,,
Result - set4-9 | Simulation Summary #2,Response Rate,Response Generation,Response Rate,20260922T155011_0c2931,,
Result - set4-9 | Simulation Summary #2,Response Rate,value,,20260922T155011_0c2931,,
Result - set4-9 | Simulation Summary #3,Number of Simulations Run,Simulation Parameters,Number of Simulations Run,20260922T155011_0c2931,,
Result - set4-9 | Simulation Summary #3,Number of Simulations Run,value,1002,20260922T155011_0c2931,,
Result - set4-9 | Simulation Summary #3,Random Number Seed,Simulation Parameters,Random Number Seed,20260922T155011_0c2931,,
Result - set4-9 | Simulation Summary #3,Random Number Seed,value,Fixed,20260922T155011_0c2931,,
Result - set4-9 | Simulation Summary #3,Starting Seed,Simulation Parameters,Starting Seed,20260922T155011_0c2931,,
Result - set4-9 | Simulation Summary #3,Starting Seed,value,134,20260922T155011_0c2931,,
Result - set4-9 | Simulation Summary #3,Total Number of Simulations,Simulation Parameters,Total Number of Simulations,20260922T155011_0c2931,,
Result - set4-9 | Simulation Summary #3,Total Number of Simulations,value,1002,20260922T155011_0c2931,,
